dow_name,outlet_id,temp
Mon,OUT001,ambient
Mon,OUT002,ambient
Mon,OUT003,ambient
Mon,OUT004,ambient
Mon,OUT005,ambient
Mon,OUT006,ambient
Mon,OUT006,chilled
Mon,OUT007,ambient
Mon,OUT007,chilled
Mon,OUT008,ambient
Mon,OUT008,chilled
Mon,OUT009,ambient
Mon,OUT010,ambient
Mon,OUT010,chilled
Mon,OUT011,ambient
Mon,OUT011,chilled
Mon,OUT012,ambient
Mon,OUT012,chilled
Mon,OUT013,ambient
Mon,OUT014,ambient
Mon,OUT014,chilled
Mon,OUT025,ambient
Mon,OUT025,chilled
Mon,OUT026,ambient
Mon,OUT027,ambient
Mon,OUT027,chilled
Mon,OUT028,ambient
Mon,OUT029,ambient
Mon,OUT029,chilled
Mon,OUT030,ambient
Mon,OUT030,chilled
Mon,OUT031,ambient
Mon,OUT031,chilled
Mon,OUT032,ambient
Mon,OUT033,ambient
Mon,OUT033,chilled
Mon,OUT034,ambient
Mon,OUT040,ambient
Mon,OUT040,chilled
Mon,OUT041,ambient
Mon,OUT042,ambient
Mon,OUT042,chilled
Mon,OUT043,ambient
Mon,OUT043,chilled
Mon,OUT044,ambient
Mon,OUT044,chilled
Mon,OUT045,ambient
Mon,OUT045,chilled
Mon,OUT046,ambient
Mon,OUT047,ambient
Mon,OUT048,ambient
Mon,OUT050,ambient
Mon,OUT050,chilled
Mon,OUT051,ambient
Mon,OUT051,chilled
Mon,OUT052,ambient
Mon,OUT053,ambient
Mon,OUT053,chilled
Mon,OUT054,ambient
Mon,OUT054,chilled
Mon,OUT055,ambient
Mon,OUT059,ambient
Mon,OUT059,chilled
Mon,OUT060,ambient
Mon,OUT061,ambient
Mon,OUT061,chilled
Mon,OUT062,ambient
Mon,OUT062,chilled
Mon,OUT065,ambient
Mon,OUT066,ambient
Mon,OUT067,ambient
Mon,OUT068,ambient
Mon,OUT068,chilled
Mon,OUT069,ambient
Mon,OUT069,chilled
Mon,OUT073,ambient
Mon,OUT073,chilled
Mon,OUT074,ambient
Mon,OUT074,chilled
Mon,OUT075,ambient
Mon,OUT075,chilled
Mon,OUT076,ambient
Mon,OUT077,ambient
Mon,OUT077,chilled
Mon,OUT078,ambient
Mon,OUT078,chilled
Mon,OUT079,ambient
Mon,OUT079,chilled
Mon,OUT080,ambient
Mon,OUT081,ambient
Mon,OUT082,ambient
Mon,OUT082,chilled
Mon,OUT083,ambient
Mon,OUT084,ambient
Mon,OUT085,ambient
Mon,OUT085,chilled
Mon,OUT086,ambient
Mon,OUT086,chilled
Mon,OUT087,ambient
Mon,OUT087,chilled
Mon,OUT096,ambient
Mon,OUT096,chilled
Mon,OUT097,ambient
Mon,OUT098,ambient
Mon,OUT098,chilled
Mon,OUT099,ambient
Mon,OUT099,chilled
Mon,OUT100,ambient
Mon,OUT101,ambient
Mon,OUT101,chilled
Mon,OUT102,ambient
Mon,OUT104,ambient
Mon,OUT105,ambient
Mon,OUT105,chilled
Mon,OUT106,ambient
Mon,OUT107,ambient
Mon,OUT108,ambient
Mon,OUT108,chilled
Mon,OUT110,ambient
Mon,OUT110,chilled
Mon,OUT111,ambient
Mon,OUT111,chilled
Mon,OUT112,ambient
Mon,OUT113,ambient
Mon,OUT113,chilled
Mon,OUT114,ambient
Mon,OUT116,ambient
Mon,OUT116,chilled
Mon,OUT117,ambient
Mon,OUT118,ambient
Mon,OUT118,chilled
Mon,OUT119,ambient
Mon,OUT119,chilled
Tue,OUT001,ambient
Tue,OUT001,chilled
Tue,OUT002,ambient
Tue,OUT002,chilled
Tue,OUT003,ambient
Tue,OUT004,ambient
Tue,OUT005,ambient
Tue,OUT006,ambient
Tue,OUT006,chilled
Tue,OUT007,ambient
Tue,OUT008,ambient
Tue,OUT008,chilled
Tue,OUT009,ambient
Tue,OUT009,chilled
Tue,OUT010,ambient
Tue,OUT010,chilled
Tue,OUT011,ambient
Tue,OUT011,chilled
Tue,OUT012,ambient
Tue,OUT012,chilled
Tue,OUT013,ambient
Tue,OUT014,ambient
Tue,OUT025,ambient
Tue,OUT025,chilled
Tue,OUT026,ambient
Tue,OUT026,chilled
Tue,OUT027,ambient
Tue,OUT027,chilled
Tue,OUT028,ambient
Tue,OUT028,chilled
Tue,OUT029,ambient
Tue,OUT029,chilled
Tue,OUT030,ambient
Tue,OUT030,chilled
Tue,OUT031,ambient
Tue,OUT031,chilled
Tue,OUT032,ambient
Tue,OUT032,chilled
Tue,OUT033,ambient
Tue,OUT034,ambient
Tue,OUT034,chilled
Tue,OUT040,ambient
Tue,OUT040,chilled
Tue,OUT041,ambient
Tue,OUT041,chilled
Tue,OUT042,ambient
Tue,OUT042,chilled
Tue,OUT043,ambient
Tue,OUT043,chilled
Tue,OUT044,ambient
Tue,OUT044,chilled
Tue,OUT045,ambient
Tue,OUT045,chilled
Tue,OUT046,ambient
Tue,OUT046,chilled
Tue,OUT050,ambient
Tue,OUT050,chilled
Tue,OUT051,ambient
Tue,OUT051,chilled
Tue,OUT052,ambient
Tue,OUT052,chilled
Tue,OUT053,ambient
Tue,OUT054,ambient
Tue,OUT055,ambient
Tue,OUT055,chilled
Tue,OUT059,ambient
Tue,OUT059,chilled
Tue,OUT060,ambient
Tue,OUT060,chilled
Tue,OUT061,ambient
Tue,OUT061,chilled
Tue,OUT062,ambient
Tue,OUT062,chilled
Tue,OUT065,ambient
Tue,OUT065,chilled
Tue,OUT066,ambient
Tue,OUT066,chilled
Tue,OUT067,ambient
Tue,OUT067,chilled
Tue,OUT068,ambient
Tue,OUT068,chilled
Tue,OUT069,ambient
Tue,OUT069,chilled
Tue,OUT073,ambient
Tue,OUT073,chilled
Tue,OUT074,ambient
Tue,OUT075,ambient
Tue,OUT075,chilled
Tue,OUT076,ambient
Tue,OUT077,ambient
Tue,OUT078,ambient
Tue,OUT078,chilled
Tue,OUT079,ambient
Tue,OUT079,chilled
Tue,OUT080,ambient
Tue,OUT080,chilled
Tue,OUT081,ambient
Tue,OUT081,chilled
Tue,OUT082,ambient
Tue,OUT083,ambient
Tue,OUT083,chilled
Tue,OUT084,ambient
Tue,OUT084,chilled
Tue,OUT085,ambient
Tue,OUT085,chilled
Tue,OUT086,ambient
Tue,OUT086,chilled
Tue,OUT087,ambient
Tue,OUT096,ambient
Tue,OUT097,ambient
Tue,OUT097,chilled
Tue,OUT098,ambient
Tue,OUT098,chilled
Tue,OUT099,ambient
Tue,OUT099,chilled
Tue,OUT100,ambient
Tue,OUT100,chilled
Tue,OUT101,ambient
Tue,OUT104,ambient
Tue,OUT104,chilled
Tue,OUT105,ambient
Tue,OUT105,chilled
Tue,OUT106,ambient
Tue,OUT106,chilled
Tue,OUT107,ambient
Tue,OUT107,chilled
Tue,OUT108,ambient
Tue,OUT108,chilled
Tue,OUT110,ambient
Tue,OUT111,ambient
Tue,OUT112,ambient
Tue,OUT112,chilled
Tue,OUT113,ambient
Tue,OUT113,chilled
Tue,OUT116,ambient
Tue,OUT116,chilled
Tue,OUT117,ambient
Tue,OUT118,ambient
Tue,OUT119,ambient
Wed,OUT001,ambient
Wed,OUT001,chilled
Wed,OUT002,ambient
Wed,OUT003,ambient
Wed,OUT003,chilled
Wed,OUT004,ambient
Wed,OUT004,chilled
Wed,OUT005,ambient
Wed,OUT005,chilled
Wed,OUT006,ambient
Wed,OUT007,ambient
Wed,OUT007,chilled
Wed,OUT008,ambient
Wed,OUT009,ambient
Wed,OUT010,ambient
Wed,OUT011,ambient
Wed,OUT011,chilled
Wed,OUT012,ambient
Wed,OUT012,chilled
Wed,OUT013,ambient
Wed,OUT013,chilled
Wed,OUT014,ambient
Wed,OUT014,chilled
Wed,OUT025,ambient
Wed,OUT025,chilled
Wed,OUT026,ambient
Wed,OUT027,ambient
Wed,OUT028,ambient
Wed,OUT028,chilled
Wed,OUT029,ambient
Wed,OUT030,ambient
Wed,OUT031,ambient
Wed,OUT031,chilled
Wed,OUT032,ambient
Wed,OUT032,chilled
Wed,OUT033,ambient
Wed,OUT033,chilled
Wed,OUT034,ambient
Wed,OUT035,ambient
Wed,OUT036,ambient
Wed,OUT037,ambient
Wed,OUT040,ambient
Wed,OUT040,chilled
Wed,OUT041,ambient
Wed,OUT041,chilled
Wed,OUT042,ambient
Wed,OUT042,chilled
Wed,OUT043,ambient
Wed,OUT044,ambient
Wed,OUT045,ambient
Wed,OUT046,ambient
Wed,OUT050,ambient
Wed,OUT050,chilled
Wed,OUT051,ambient
Wed,OUT051,chilled
Wed,OUT052,ambient
Wed,OUT052,chilled
Wed,OUT053,ambient
Wed,OUT053,chilled
Wed,OUT054,ambient
Wed,OUT054,chilled
Wed,OUT055,ambient
Wed,OUT055,chilled
Wed,OUT059,ambient
Wed,OUT060,ambient
Wed,OUT061,ambient
Wed,OUT062,ambient
Wed,OUT065,ambient
Wed,OUT066,ambient
Wed,OUT067,ambient
Wed,OUT067,chilled
Wed,OUT068,ambient
Wed,OUT068,chilled
Wed,OUT069,ambient
Wed,OUT069,chilled
Wed,OUT073,ambient
Wed,OUT073,chilled
Wed,OUT074,ambient
Wed,OUT075,ambient
Wed,OUT075,chilled
Wed,OUT076,ambient
Wed,OUT076,chilled
Wed,OUT077,ambient
Wed,OUT078,ambient
Wed,OUT079,ambient
Wed,OUT080,ambient
Wed,OUT080,chilled
Wed,OUT081,ambient
Wed,OUT081,chilled
Wed,OUT082,ambient
Wed,OUT082,chilled
Wed,OUT083,ambient
Wed,OUT083,chilled
Wed,OUT084,ambient
Wed,OUT084,chilled
Wed,OUT085,ambient
Wed,OUT085,chilled
Wed,OUT086,ambient
Wed,OUT087,ambient
Wed,OUT087,chilled
Wed,OUT096,ambient
Wed,OUT097,ambient
Wed,OUT097,chilled
Wed,OUT098,ambient
Wed,OUT099,ambient
Wed,OUT099,chilled
Wed,OUT100,ambient
Wed,OUT100,chilled
Wed,OUT101,ambient
Wed,OUT101,chilled
Wed,OUT104,ambient
Wed,OUT104,chilled
Wed,OUT105,ambient
Wed,OUT105,chilled
Wed,OUT106,ambient
Wed,OUT106,chilled
Wed,OUT107,ambient
Wed,OUT107,chilled
Wed,OUT108,ambient
Wed,OUT110,ambient
Wed,OUT110,chilled
Wed,OUT111,ambient
Wed,OUT111,chilled
Wed,OUT112,ambient
Wed,OUT112,chilled
Wed,OUT113,ambient
Wed,OUT113,chilled
Wed,OUT116,ambient
Wed,OUT116,chilled
Wed,OUT117,ambient
Wed,OUT117,chilled
Wed,OUT118,ambient
Wed,OUT119,ambient
Wed,OUT119,chilled
Wed,OUT120,ambient
Thu,OUT001,ambient
Thu,OUT001,chilled
Thu,OUT002,ambient
Thu,OUT002,chilled
Thu,OUT003,ambient
Thu,OUT003,chilled
Thu,OUT004,ambient
Thu,OUT004,chilled
Thu,OUT005,ambient
Thu,OUT005,chilled
Thu,OUT006,ambient
Thu,OUT006,chilled
Thu,OUT007,ambient
Thu,OUT008,ambient
Thu,OUT008,chilled
Thu,OUT009,ambient
Thu,OUT009,chilled
Thu,OUT010,ambient
Thu,OUT010,chilled
Thu,OUT011,ambient
Thu,OUT011,chilled
Thu,OUT012,ambient
Thu,OUT013,ambient
Thu,OUT013,chilled
Thu,OUT014,ambient
Thu,OUT014,chilled
Thu,OUT015,ambient
Thu,OUT016,ambient
Thu,OUT017,ambient
Thu,OUT018,ambient
Thu,OUT019,ambient
Thu,OUT020,ambient
Thu,OUT025,ambient
Thu,OUT025,chilled
Thu,OUT026,ambient
Thu,OUT026,chilled
Thu,OUT027,ambient
Thu,OUT027,chilled
Thu,OUT028,ambient
Thu,OUT029,ambient
Thu,OUT030,ambient
Thu,OUT030,chilled
Thu,OUT031,ambient
Thu,OUT032,ambient
Thu,OUT033,ambient
Thu,OUT033,chilled
Thu,OUT034,ambient
Thu,OUT034,chilled
Thu,OUT040,ambient
Thu,OUT041,ambient
Thu,OUT041,chilled
Thu,OUT042,ambient
Thu,OUT042,chilled
Thu,OUT043,ambient
Thu,OUT043,chilled
Thu,OUT044,ambient
Thu,OUT045,ambient
Thu,OUT045,chilled
Thu,OUT046,ambient
Thu,OUT046,chilled
Thu,OUT050,ambient
Thu,OUT050,chilled
Thu,OUT051,ambient
Thu,OUT051,chilled
Thu,OUT052,ambient
Thu,OUT052,chilled
Thu,OUT053,ambient
Thu,OUT053,chilled
Thu,OUT054,ambient
Thu,OUT054,chilled
Thu,OUT055,ambient
Thu,OUT055,chilled
Thu,OUT059,ambient
Thu,OUT059,chilled
Thu,OUT060,ambient
Thu,OUT060,chilled
Thu,OUT061,ambient
Thu,OUT061,chilled
Thu,OUT062,ambient
Thu,OUT062,chilled
Thu,OUT065,ambient
Thu,OUT065,chilled
Thu,OUT066,ambient
Thu,OUT066,chilled
Thu,OUT067,ambient
Thu,OUT067,chilled
Thu,OUT068,ambient
Thu,OUT069,ambient
Thu,OUT073,ambient
Thu,OUT073,chilled
Thu,OUT074,ambient
Thu,OUT074,chilled
Thu,OUT075,ambient
Thu,OUT076,ambient
Thu,OUT076,chilled
Thu,OUT077,ambient
Thu,OUT077,chilled
Thu,OUT078,ambient
Thu,OUT078,chilled
Thu,OUT079,ambient
Thu,OUT079,chilled
Thu,OUT080,ambient
Thu,OUT080,chilled
Thu,OUT081,ambient
Thu,OUT081,chilled
Thu,OUT082,ambient
Thu,OUT082,chilled
Thu,OUT083,ambient
Thu,OUT084,ambient
Thu,OUT084,chilled
Thu,OUT085,ambient
Thu,OUT086,ambient
Thu,OUT087,ambient
Thu,OUT087,chilled
Thu,OUT088,ambient
Thu,OUT089,ambient
Thu,OUT090,ambient
Thu,OUT091,ambient
Thu,OUT092,ambient
Thu,OUT096,ambient
Thu,OUT096,chilled
Thu,OUT097,ambient
Thu,OUT097,chilled
Thu,OUT098,ambient
Thu,OUT099,ambient
Thu,OUT100,ambient
Thu,OUT100,chilled
Thu,OUT101,ambient
Thu,OUT104,ambient
Thu,OUT105,ambient
Thu,OUT106,ambient
Thu,OUT106,chilled
Thu,OUT107,ambient
Thu,OUT107,chilled
Thu,OUT108,ambient
Thu,OUT108,chilled
Thu,OUT110,ambient
Thu,OUT110,chilled
Thu,OUT111,ambient
Thu,OUT111,chilled
Thu,OUT112,ambient
Thu,OUT113,ambient
Thu,OUT113,chilled
Thu,OUT116,ambient
Thu,OUT117,ambient
Thu,OUT117,chilled
Thu,OUT118,ambient
Thu,OUT118,chilled
Thu,OUT119,ambient
Thu,OUT119,chilled
Fri,OUT001,ambient
Fri,OUT001,chilled
Fri,OUT002,ambient
Fri,OUT002,chilled
Fri,OUT003,ambient
Fri,OUT003,chilled
Fri,OUT004,ambient
Fri,OUT004,chilled
Fri,OUT005,ambient
Fri,OUT005,chilled
Fri,OUT006,ambient
Fri,OUT007,ambient
Fri,OUT007,chilled
Fri,OUT008,ambient
Fri,OUT008,chilled
Fri,OUT009,ambient
Fri,OUT009,chilled
Fri,OUT010,ambient
Fri,OUT011,ambient
Fri,OUT012,ambient
Fri,OUT013,ambient
Fri,OUT013,chilled
Fri,OUT014,ambient
Fri,OUT025,ambient
Fri,OUT026,ambient
Fri,OUT026,chilled
Fri,OUT027,ambient
Fri,OUT028,ambient
Fri,OUT028,chilled
Fri,OUT029,ambient
Fri,OUT029,chilled
Fri,OUT030,ambient
Fri,OUT030,chilled
Fri,OUT031,ambient
Fri,OUT032,ambient
Fri,OUT032,chilled
Fri,OUT033,ambient
Fri,OUT034,ambient
Fri,OUT034,chilled
Fri,OUT040,ambient
Fri,OUT041,ambient
Fri,OUT042,ambient
Fri,OUT043,ambient
Fri,OUT043,chilled
Fri,OUT044,ambient
Fri,OUT044,chilled
Fri,OUT045,ambient
Fri,OUT046,ambient
Fri,OUT046,chilled
Fri,OUT050,ambient
Fri,OUT051,ambient
Fri,OUT052,ambient
Fri,OUT053,ambient
Fri,OUT053,chilled
Fri,OUT054,ambient
Fri,OUT054,chilled
Fri,OUT055,ambient
Fri,OUT056,ambient
Fri,OUT057,ambient
Fri,OUT059,ambient
Fri,OUT060,ambient
Fri,OUT060,chilled
Fri,OUT061,ambient
Fri,OUT062,ambient
Fri,OUT062,chilled
Fri,OUT063,ambient
Fri,OUT065,ambient
Fri,OUT065,chilled
Fri,OUT066,ambient
Fri,OUT066,chilled
Fri,OUT067,ambient
Fri,OUT067,chilled
Fri,OUT068,ambient
Fri,OUT069,ambient
Fri,OUT070,ambient
Fri,OUT071,ambient
Fri,OUT073,ambient
Fri,OUT074,ambient
Fri,OUT074,chilled
Fri,OUT075,ambient
Fri,OUT076,ambient
Fri,OUT076,chilled
Fri,OUT077,ambient
Fri,OUT077,chilled
Fri,OUT078,ambient
Fri,OUT079,ambient
Fri,OUT080,ambient
Fri,OUT080,chilled
Fri,OUT081,ambient
Fri,OUT082,ambient
Fri,OUT082,chilled
Fri,OUT083,ambient
Fri,OUT083,chilled
Fri,OUT084,ambient
Fri,OUT084,chilled
Fri,OUT085,ambient
Fri,OUT085,chilled
Fri,OUT086,ambient
Fri,OUT086,chilled
Fri,OUT087,ambient
Fri,OUT096,ambient
Fri,OUT096,chilled
Fri,OUT097,ambient
Fri,OUT098,ambient
Fri,OUT098,chilled
Fri,OUT099,ambient
Fri,OUT100,ambient
Fri,OUT101,ambient
Fri,OUT101,chilled
Fri,OUT104,ambient
Fri,OUT104,chilled
Fri,OUT105,ambient
Fri,OUT106,ambient
Fri,OUT107,ambient
Fri,OUT107,chilled
Fri,OUT108,ambient
Fri,OUT110,ambient
Fri,OUT111,ambient
Fri,OUT111,chilled
Fri,OUT112,ambient
Fri,OUT112,chilled
Fri,OUT113,ambient
Fri,OUT116,ambient
Fri,OUT116,chilled
Fri,OUT117,ambient
Fri,OUT117,chilled
Fri,OUT118,ambient
Fri,OUT118,chilled
Fri,OUT119,ambient
Fri,OUT119,chilled
Sat,OUT001,ambient
Sat,OUT002,ambient
Sat,OUT002,chilled
Sat,OUT003,ambient
Sat,OUT003,chilled
Sat,OUT004,ambient
Sat,OUT004,chilled
Sat,OUT005,ambient
Sat,OUT005,chilled
Sat,OUT006,ambient
Sat,OUT006,chilled
Sat,OUT007,ambient
Sat,OUT007,chilled
Sat,OUT008,ambient
Sat,OUT009,ambient
Sat,OUT009,chilled
Sat,OUT010,ambient
Sat,OUT010,chilled
Sat,OUT011,ambient
Sat,OUT012,ambient
Sat,OUT012,chilled
Sat,OUT013,ambient
Sat,OUT013,chilled
Sat,OUT014,ambient
Sat,OUT014,chilled
Sat,OUT025,ambient
Sat,OUT026,ambient
Sat,OUT026,chilled
Sat,OUT027,ambient
Sat,OUT027,chilled
Sat,OUT028,ambient
Sat,OUT028,chilled
Sat,OUT029,ambient
Sat,OUT029,chilled
Sat,OUT030,ambient
Sat,OUT031,ambient
Sat,OUT031,chilled
Sat,OUT032,ambient
Sat,OUT032,chilled
Sat,OUT033,ambient
Sat,OUT033,chilled
Sat,OUT034,ambient
Sat,OUT034,chilled
Sat,OUT040,ambient
Sat,OUT040,chilled
Sat,OUT041,ambient
Sat,OUT041,chilled
Sat,OUT042,ambient
Sat,OUT043,ambient
Sat,OUT044,ambient
Sat,OUT044,chilled
Sat,OUT045,ambient
Sat,OUT045,chilled
Sat,OUT046,ambient
Sat,OUT046,chilled
Sat,OUT050,ambient
Sat,OUT051,ambient
Sat,OUT052,ambient
Sat,OUT052,chilled
Sat,OUT053,ambient
Sat,OUT054,ambient
Sat,OUT055,ambient
Sat,OUT055,chilled
Sat,OUT059,ambient
Sat,OUT059,chilled
Sat,OUT060,ambient
Sat,OUT060,chilled
Sat,OUT061,ambient
Sat,OUT061,chilled
Sat,OUT062,ambient
Sat,OUT065,ambient
Sat,OUT065,chilled
Sat,OUT066,ambient
Sat,OUT066,chilled
Sat,OUT067,ambient
Sat,OUT068,ambient
Sat,OUT068,chilled
Sat,OUT069,ambient
Sat,OUT069,chilled
Sat,OUT073,ambient
Sat,OUT074,ambient
Sat,OUT074,chilled
Sat,OUT075,ambient
Sat,OUT075,chilled
Sat,OUT076,ambient
Sat,OUT076,chilled
Sat,OUT077,ambient
Sat,OUT077,chilled
Sat,OUT078,ambient
Sat,OUT078,chilled
Sat,OUT079,ambient
Sat,OUT079,chilled
Sat,OUT080,ambient
Sat,OUT081,ambient
Sat,OUT081,chilled
Sat,OUT082,ambient
Sat,OUT083,ambient
Sat,OUT083,chilled
Sat,OUT084,ambient
Sat,OUT085,ambient
Sat,OUT086,ambient
Sat,OUT086,chilled
Sat,OUT087,ambient
Sat,OUT087,chilled
Sat,OUT096,ambient
Sat,OUT096,chilled
Sat,OUT097,ambient
Sat,OUT097,chilled
Sat,OUT098,ambient
Sat,OUT098,chilled
Sat,OUT099,ambient
Sat,OUT099,chilled
Sat,OUT100,ambient
Sat,OUT100,chilled
Sat,OUT101,ambient
Sat,OUT101,chilled
Sat,OUT104,ambient
Sat,OUT104,chilled
Sat,OUT105,ambient
Sat,OUT105,chilled
Sat,OUT106,ambient
Sat,OUT106,chilled
Sat,OUT107,ambient
Sat,OUT108,ambient
Sat,OUT108,chilled
Sat,OUT109,ambient
Sat,OUT110,ambient
Sat,OUT110,chilled
Sat,OUT111,ambient
Sat,OUT112,ambient
Sat,OUT112,chilled
Sat,OUT113,ambient
Sat,OUT116,ambient
Sat,OUT117,ambient
Sat,OUT117,chilled
Sat,OUT118,ambient
Sat,OUT118,chilled
Sat,OUT119,ambient
