outlet_id,monsoon,p10,p50,p90
OUT001,0,6.0,9.0,14.0
OUT001,1,7.0,11.0,17.0
OUT002,0,6.0,9.0,14.0
OUT002,1,7.0,11.0,17.0
OUT003,0,9.0,14.0,21.0
OUT003,1,11.0,16.0,25.0
OUT004,0,8.0,12.0,19.0
OUT004,1,9.0,14.0,25.0
OUT005,0,10.0,14.0,24.0
OUT005,1,11.0,17.0,28.0
OUT006,0,12.0,20.0,31.7
OUT006,1,15.0,23.0,39.0
OUT007,0,14.0,23.0,41.0
OUT007,1,17.0,29.0,50.0
OUT008,0,6.0,9.0,14.0
OUT008,1,7.0,11.0,18.0
OUT009,0,6.0,9.0,15.0
OUT009,1,7.0,11.0,19.0
OUT010,0,13.0,19.0,31.0
OUT010,1,15.0,22.0,37.0
OUT011,0,11.0,17.0,28.0
OUT011,1,13.0,21.0,36.0
OUT012,0,8.0,13.0,20.0
OUT012,1,10.0,15.0,25.0
OUT013,0,9.0,15.0,24.0
OUT013,1,10.0,17.0,28.8
OUT014,0,12.0,20.0,32.0
OUT014,1,15.0,24.0,41.7
OUT015,0,40.4,58.0,83.1
OUT015,1,46.0,66.0,92.0
OUT016,0,40.0,62.5,102.7
OUT016,1,54.0,74.0,118.0
OUT017,0,27.7,40.0,63.3
OUT017,1,29.0,50.0,73.0
OUT018,0,51.1,74.0,111.6
OUT018,1,54.0,82.0,131.0
OUT019,0,18.0,27.0,37.0
OUT019,1,20.0,29.0,44.0
OUT020,0,33.7,48.5,77.3
OUT020,1,41.0,58.0,103.0
OUT021,0,51.0,71.0,138.0
OUT021,1,54.0,89.0,139.0
OUT022,0,34.6,58.0,94.4
OUT022,1,43.0,62.0,123.4
OUT023,0,41.8,63.0,103.6
OUT023,1,48.8,72.5,113.2
OUT024,0,25.9,40.0,71.5
OUT024,1,35.0,48.0,65.0
OUT025,0,9.0,13.0,21.0
OUT025,1,10.0,15.0,24.1
OUT026,0,8.0,12.0,18.0
OUT026,1,9.0,13.0,21.8
OUT027,0,13.0,19.0,29.0
OUT027,1,14.0,22.0,36.0
OUT028,0,6.0,10.0,15.0
OUT028,1,7.0,11.0,19.0
OUT029,0,9.0,13.0,22.0
OUT029,1,11.0,17.0,28.0
OUT030,0,13.6,20.0,32.0
OUT030,1,16.0,25.0,43.0
OUT031,0,9.0,15.0,25.0
OUT031,1,12.0,19.0,30.0
OUT032,0,17.0,27.0,43.7
OUT032,1,20.0,31.0,52.0
OUT033,0,7.0,11.0,18.6
OUT033,1,8.0,13.0,22.0
OUT034,0,9.0,13.0,21.7
OUT034,1,10.0,15.0,26.0
OUT035,0,51.0,70.5,98.5
OUT035,1,54.0,78.0,125.0
OUT036,0,25.0,37.0,67.9
OUT036,1,27.0,48.0,75.0
OUT037,0,15.7,23.0,29.0
OUT037,1,15.0,24.0,38.0
OUT038,0,63.0,92.0,146.0
OUT038,1,62.0,95.5,160.0
OUT039,0,36.0,63.0,94.5
OUT039,1,42.4,58.0,98.0
OUT040,0,14.0,22.0,38.0
OUT040,1,16.1,26.0,45.9
OUT041,0,9.0,13.0,21.0
OUT041,1,10.0,16.0,25.8
OUT042,0,13.0,19.0,33.0
OUT042,1,14.9,25.0,45.1
OUT043,0,11.0,17.0,26.0
OUT043,1,13.0,20.0,32.0
OUT044,0,7.0,11.0,21.0
OUT044,1,9.0,14.5,24.0
OUT045,0,12.0,18.0,29.0
OUT045,1,15.0,23.0,37.0
OUT046,0,6.0,9.0,13.0
OUT046,1,7.0,11.0,17.0
OUT047,0,15.9,24.5,38.0
OUT047,1,17.9,27.5,46.1
OUT048,0,18.0,25.0,35.0
OUT048,1,16.9,26.0,39.1
OUT049,0,34.8,51.0,81.8
OUT049,1,41.0,56.0,82.8
OUT050,0,8.0,13.0,20.0
OUT050,1,10.0,15.0,26.0
OUT051,0,9.0,14.0,23.0
OUT051,1,11.0,17.0,30.0
OUT052,0,16.0,25.0,39.0
OUT052,1,18.0,29.0,48.0
OUT053,0,10.0,15.0,26.0
OUT053,1,13.0,20.0,31.0
OUT054,0,12.0,20.0,31.0
OUT054,1,15.0,23.0,40.0
OUT055,0,9.0,14.0,24.0
OUT055,1,12.0,18.0,29.0
OUT056,0,42.7,59.5,90.3
OUT056,1,48.2,81.0,127.4
OUT057,0,33.7,44.5,71.3
OUT057,1,36.0,50.0,74.0
OUT058,0,15.0,22.5,35.0
OUT058,1,15.2,23.0,34.8
OUT059,0,14.0,20.0,32.0
OUT059,1,16.0,24.0,42.0
OUT060,0,9.0,13.0,22.0
OUT060,1,10.0,16.0,27.0
OUT061,0,9.0,14.0,22.0
OUT061,1,11.0,16.5,27.0
OUT062,0,8.0,12.0,20.0
OUT062,1,9.0,14.0,23.9
OUT063,0,27.0,49.0,69.3
OUT063,1,34.4,54.0,89.4
OUT064,0,17.0,27.0,51.0
OUT064,1,20.0,31.0,52.0
OUT065,0,7.0,10.0,17.0
OUT065,1,8.0,13.0,22.0
OUT066,0,11.0,16.0,25.0
OUT066,1,12.0,19.0,33.0
OUT067,0,8.0,13.0,20.0
OUT067,1,10.0,15.0,24.8
OUT068,0,6.0,9.0,14.5
OUT068,1,7.0,11.0,19.0
OUT069,0,7.0,10.0,18.0
OUT069,1,8.0,13.0,23.0
OUT070,0,19.7,27.5,36.6
OUT070,1,21.0,31.0,43.6
OUT071,0,31.0,49.0,69.3
OUT071,1,40.0,57.0,88.0
OUT072,0,19.0,28.0,43.0
OUT072,1,22.0,33.0,48.0
OUT073,0,5.0,7.0,12.0
OUT073,1,6.0,9.0,15.0
OUT074,0,8.0,12.0,19.0
OUT074,1,10.0,15.0,26.0
OUT075,0,6.0,9.0,15.0
OUT075,1,8.0,12.0,19.0
OUT076,0,8.0,11.0,17.0
OUT076,1,8.0,13.0,20.0
OUT077,0,7.0,11.0,16.0
OUT077,1,9.0,12.0,19.0
OUT078,0,6.0,10.0,15.0
OUT078,1,7.0,11.0,18.0
OUT079,0,5.0,7.0,11.0
OUT079,1,5.0,8.0,13.0
OUT080,0,6.0,10.0,14.0
OUT080,1,7.0,11.0,18.0
OUT081,0,5.3,8.0,13.0
OUT081,1,6.0,10.0,16.0
OUT082,0,7.0,10.0,15.6
OUT082,1,8.0,12.0,20.0
OUT083,0,7.0,10.0,15.0
OUT083,1,7.0,11.0,18.0
OUT084,0,9.0,14.0,21.0
OUT084,1,10.0,15.0,25.0
OUT085,0,15.0,22.0,35.0
OUT085,1,16.0,26.0,40.0
OUT086,0,6.0,9.0,15.0
OUT086,1,7.0,11.0,18.0
OUT087,0,8.0,13.0,21.0
OUT087,1,9.0,15.0,24.8
OUT088,0,19.0,25.0,34.6
OUT088,1,22.0,29.0,44.0
OUT089,0,47.1,69.0,107.6
OUT089,1,47.0,84.0,114.0
OUT090,0,29.0,43.5,61.3
OUT090,1,33.0,48.0,77.0
OUT091,0,23.7,36.5,58.0
OUT091,1,31.0,43.0,71.0
OUT092,0,36.7,57.0,82.6
OUT092,1,42.0,63.0,100.0
OUT093,0,23.6,34.0,52.4
OUT093,1,26.2,37.5,47.0
OUT094,0,54.8,89.0,162.2
OUT094,1,56.6,97.0,137.2
OUT095,0,32.0,49.0,82.0
OUT095,1,37.4,56.0,83.6
OUT096,0,13.0,19.0,28.0
OUT096,1,15.0,23.0,34.0
OUT097,0,11.0,17.0,26.0
OUT097,1,13.0,20.0,34.8
OUT098,0,12.0,19.0,29.0
OUT098,1,15.0,23.0,41.0
OUT099,0,7.0,11.0,17.0
OUT099,1,8.0,13.0,20.0
OUT100,0,9.0,15.0,26.7
OUT100,1,12.0,19.0,31.0
OUT101,0,10.0,15.0,23.0
OUT101,1,11.0,16.0,26.0
OUT102,0,45.9,70.0,113.0
OUT102,1,55.9,82.5,133.3
OUT103,0,16.0,24.0,42.0
OUT103,1,19.0,27.0,40.9
OUT104,0,10.0,16.0,26.0
OUT104,1,13.0,20.0,32.0
OUT105,0,5.0,8.0,13.0
OUT105,1,6.0,10.0,16.0
OUT106,0,7.0,11.0,18.0
OUT106,1,8.0,13.0,23.0
OUT107,0,12.0,20.0,33.0
OUT107,1,14.0,23.5,42.0
OUT108,0,8.0,12.0,20.0
OUT108,1,10.0,15.0,25.0
OUT109,0,18.0,29.0,46.2
OUT109,1,24.0,32.0,54.0
OUT110,0,8.0,12.0,18.0
OUT110,1,9.0,14.0,23.0
OUT111,0,8.0,12.0,19.0
OUT111,1,9.0,14.0,22.8
OUT112,0,11.0,18.0,29.0
OUT112,1,13.0,21.0,37.0
OUT113,0,8.0,12.0,21.0
OUT113,1,9.0,15.0,26.0
OUT114,0,27.0,52.0,74.2
OUT114,1,35.0,50.5,90.2
OUT115,0,52.9,81.5,134.1
OUT115,1,67.8,90.0,118.2
OUT116,0,9.0,14.0,24.0
OUT116,1,11.0,17.0,27.0
OUT117,0,9.0,14.0,21.0
OUT117,1,11.0,16.0,27.0
OUT118,0,23.0,35.0,56.0
OUT118,1,26.0,44.0,73.0
OUT119,0,13.0,20.0,33.0
OUT119,1,16.0,24.0,42.0
OUT120,0,18.0,25.5,39.5
OUT120,1,20.0,31.0,53.0
