depot,date,chilled_orders,chilled_kg,chilled_m3,needed,in_workshop,served_one_fewer
Kandy,2026-04-06,19,5850.4,31.8,5,VEH039 VEH058,
Kandy,2026-04-07,20,6702.5,36.3,4,VEH039 VEH058,
Kandy,2026-04-08,23,8144.5,43.6,6,VEH039 VEH058,22
Kandy,2026-04-09,22,9091.3,48.5,5,,
Kandy,2026-04-10,19,9585.7,51.9,4,,
Kandy,2026-04-11,22,10857.6,58.3,5,,
Kandy,2026-04-15,23,5958.8,32.0,6,,22
Kandy,2026-04-16,21,5857.1,31.3,5,,
Kandy,2026-04-17,19,6148.6,33.3,4,,
Kandy,2026-04-18,22,6837.8,36.7,4,,
Kandy,2026-04-20,19,4856.1,26.4,5,,
Kandy,2026-04-21,20,5094.8,27.6,4,,
Kandy,2026-04-22,23,6015.1,32.3,6,,22
Kandy,2026-04-23,21,6077.5,32.5,5,,
Kandy,2026-04-24,19,6549.9,35.5,4,,
Kandy,2026-04-25,22,8516.4,45.8,5,,
Kandy,2026-04-27,19,5654.4,30.8,5,,
Kandy,2026-04-28,20,6224.9,33.7,4,,
Kandy,2026-04-29,23,7510.9,40.3,6,,22
Kandy,2026-04-30,21,8750.4,46.8,5,,
Kandy,2026-05-02,22,6854.4,36.8,4,,
Kandy,2026-05-04,19,4867.9,26.5,5,,
Kandy,2026-05-05,20,5106.9,27.7,4,,
Kandy,2026-05-06,23,5980.5,32.1,6,,22
Kandy,2026-05-07,21,5878.1,31.4,5,,
Kandy,2026-05-08,19,6170.7,33.4,4,,
Kandy,2026-05-09,22,6862.7,36.9,4,,
Kandy,2026-05-11,19,4873.7,26.5,5,,
Kandy,2026-05-12,20,5113.3,27.7,4,,
Kandy,2026-05-13,23,5987.5,32.1,6,,22
Kandy,2026-05-14,21,5885.3,31.5,5,,
Kandy,2026-05-15,19,6178.4,33.5,4,,
Kandy,2026-05-16,22,6870.7,36.9,4,,
