vehicle_id,dow_name,trip_no,brand,temp,district,share
VEH001,Fri,1,Fresh,chilled,Kurunegala,0.872
VEH001,Mon,1,Fresh,chilled,Kurunegala,0.845
VEH001,Sat,1,Fresh,chilled,Kurunegala,0.914
VEH001,Thu,1,Fresh,chilled,Kurunegala,0.939
VEH001,Tue,1,Fresh,chilled,Kurunegala,0.888
VEH001,Wed,1,Fresh,chilled,Galle,0.913
VEH002,Fri,1,Fresh,chilled,Matara,0.932
VEH002,Mon,1,Fresh,chilled,Matara,0.888
VEH002,Sat,1,Fresh,chilled,Matara,0.914
VEH002,Thu,1,Fresh,chilled,Matara,0.948
VEH002,Tue,1,Fresh,chilled,Matara,0.922
VEH002,Wed,1,Fresh,chilled,Kurunegala,0.93
VEH003,Fri,1,Fresh,chilled,Galle,0.855
VEH003,Mon,1,Fresh,chilled,Galle,0.819
VEH003,Sat,1,Fresh,chilled,Galle,0.724
VEH003,Sat,2,Fresh,chilled,Gampaha,0.672
VEH003,Thu,1,Fresh,chilled,Galle,0.878
VEH003,Tue,1,Fresh,chilled,Kurunegala,0.793
VEH003,Tue,2,Fresh,chilled,Gampaha,0.44
VEH003,Wed,1,Fresh,chilled,Kalutara,0.67
VEH003,Wed,2,Fresh,chilled,Colombo,0.348
VEH004,Fri,1,Fresh,chilled,Kalutara,0.821
VEH004,Mon,1,Fresh,chilled,Kalutara,0.767
VEH004,Sat,1,Fresh,chilled,Kalutara,0.862
VEH004,Thu,1,Fresh,chilled,Kalutara,0.843
VEH004,Tue,1,Fresh,chilled,Galle,0.776
VEH004,Wed,1,Fresh,chilled,Gampaha,0.87
VEH005,Fri,1,Fresh,chilled,Gampaha,0.786
VEH005,Mon,1,Fresh,chilled,Gampaha,0.75
VEH005,Sat,1,Fresh,chilled,Gampaha,0.75
VEH005,Thu,1,Fresh,chilled,Gampaha,0.835
VEH005,Tue,1,Fresh,chilled,Kalutara,0.767
VEH005,Wed,1,Fresh,chilled,Colombo,0.783
VEH006,Fri,1,Fresh,chilled,Colombo,0.761
VEH006,Mon,1,Fresh,chilled,Colombo,0.733
VEH006,Sat,1,Fresh,chilled,Colombo,0.793
VEH006,Thu,1,Fresh,chilled,Colombo,0.817
VEH006,Tue,1,Fresh,chilled,Gampaha,0.733
VEH006,Wed,1,Fresh,chilled,Colombo,0.574
VEH007,Fri,1,Fresh,chilled,Puttalam,0.906
VEH007,Mon,1,Fresh,chilled,Puttalam,0.922
VEH007,Sat,1,Fresh,chilled,Puttalam,0.966
VEH007,Thu,1,Fresh,chilled,Puttalam,0.983
VEH007,Tue,1,Fresh,chilled,Puttalam,0.957
VEH007,Wed,1,Fresh,chilled,Puttalam,0.965
VEH008,Fri,1,Fresh,ambient,Puttalam,0.974
VEH008,Fri,2,Style,ambient,Matara,0.974
VEH008,Mon,1,Fresh,ambient,Puttalam,0.948
VEH008,Mon,2,Tech,ambient,Galle,0.569
VEH008,Sat,1,Fresh,ambient,Puttalam,0.957
VEH008,Sat,2,Tech,ambient,Kurunegala,0.595
VEH008,Thu,1,Fresh,ambient,Puttalam,0.965
VEH008,Thu,2,Style,ambient,Colombo,0.965
VEH008,Tue,1,Fresh,ambient,Puttalam,0.966
VEH008,Tue,2,Tech,ambient,Matara,0.414
VEH008,Wed,1,Fresh,ambient,Puttalam,0.948
VEH008,Wed,2,Tech,ambient,Kalutara,0.487
VEH012,Fri,1,Fresh,ambient,Colombo,0.838
VEH012,Mon,1,Fresh,ambient,Colombo,0.828
VEH012,Sat,1,Fresh,ambient,Colombo,0.767
VEH012,Thu,1,Fresh,ambient,Colombo,0.878
VEH012,Tue,1,Fresh,ambient,Colombo,0.716
VEH012,Wed,1,Fresh,ambient,Colombo,0.791
VEH015,Fri,1,Fresh,ambient,Matara,0.949
VEH015,Fri,2,Style,ambient,Kurunegala,0.564
VEH015,Mon,1,Fresh,ambient,Matara,0.914
VEH015,Mon,2,Style,ambient,Kalutara,0.569
VEH015,Sat,1,Fresh,ambient,Matara,0.922
VEH015,Sat,2,Tech,ambient,Gampaha,0.388
VEH015,Thu,1,Fresh,ambient,Matara,0.939
VEH015,Thu,2,Style,ambient,Colombo,0.974
VEH015,Tue,1,Fresh,ambient,Matara,0.914
VEH015,Tue,2,Tech,ambient,Colombo,0.353
VEH015,Wed,1,Fresh,ambient,Matara,0.922
VEH015,Wed,2,Style,ambient,Gampaha,0.783
VEH016,Fri,1,Fresh,ambient,Kurunegala,0.88
VEH016,Fri,2,Style,ambient,Kurunegala,0.436
VEH016,Mon,1,Fresh,ambient,Kurunegala,0.888
VEH016,Sat,1,Fresh,ambient,Kurunegala,0.905
VEH016,Sat,2,Tech,ambient,Gampaha,0.25
VEH016,Thu,1,Fresh,ambient,Kurunegala,0.922
VEH016,Thu,2,Style,ambient,Colombo,0.974
VEH016,Tue,1,Fresh,ambient,Kurunegala,0.862
VEH016,Tue,2,Tech,ambient,Colombo,0.293
VEH016,Wed,1,Fresh,ambient,Kurunegala,0.896
VEH016,Wed,2,Style,ambient,Gampaha,0.574
VEH017,Fri,1,Fresh,ambient,Kurunegala,0.812
VEH017,Fri,2,Fresh,ambient,Gampaha,0.402
VEH017,Mon,1,Fresh,ambient,Kurunegala,0.767
VEH017,Mon,2,Fresh,ambient,Gampaha,0.534
VEH017,Sat,1,Fresh,ambient,Kurunegala,0.836
VEH017,Sat,2,Fresh,ambient,Gampaha,0.422
VEH017,Thu,1,Fresh,ambient,Kurunegala,0.835
VEH017,Thu,2,Fresh,ambient,Gampaha,0.6
VEH017,Tue,1,Fresh,ambient,Kurunegala,0.81
VEH017,Tue,2,Fresh,ambient,Gampaha,0.569
VEH017,Wed,1,Fresh,ambient,Kurunegala,0.8
VEH017,Wed,2,Fresh,ambient,Gampaha,0.6
VEH018,Fri,1,Fresh,ambient,Galle,0.769
VEH018,Fri,2,Style,ambient,Galle,0.393
VEH018,Mon,1,Fresh,ambient,Galle,0.802
VEH018,Sat,1,Fresh,ambient,Galle,0.845
VEH018,Thu,1,Fresh,ambient,Galle,0.809
VEH018,Thu,2,Style,ambient,Colombo,0.261
VEH018,Tue,1,Fresh,ambient,Galle,0.776
VEH018,Wed,1,Fresh,ambient,Galle,0.835
VEH021,Fri,1,Fresh,ambient,Colombo,0.41
VEH021,Mon,1,Fresh,ambient,Colombo,0.302
VEH021,Sat,1,Fresh,ambient,Colombo,0.448
VEH021,Thu,1,Fresh,ambient,Colombo,0.287
VEH025,Fri,1,Fresh,ambient,Kalutara,0.735
VEH025,Fri,2,Style,ambient,Galle,0.41
VEH025,Mon,1,Fresh,ambient,Kalutara,0.776
VEH025,Sat,1,Fresh,ambient,Kalutara,0.802
VEH025,Thu,1,Fresh,ambient,Kalutara,0.8
VEH025,Tue,1,Fresh,ambient,Kalutara,0.741
VEH025,Wed,1,Fresh,ambient,Kalutara,0.8
VEH027,Fri,1,Fresh,ambient,Gampaha,0.667
VEH027,Mon,1,Fresh,ambient,Gampaha,0.724
VEH027,Sat,1,Fresh,ambient,Gampaha,0.759
VEH027,Thu,1,Fresh,ambient,Gampaha,0.713
VEH027,Tue,1,Fresh,ambient,Gampaha,0.681
VEH027,Wed,1,Fresh,ambient,Gampaha,0.757
VEH034,Fri,1,Fresh,ambient,Gampaha,0.53
VEH034,Fri,2,Tech,ambient,Colombo,0.265
VEH034,Mon,1,Fresh,ambient,Colombo,0.638
VEH034,Sat,1,Fresh,ambient,Colombo,0.474
VEH034,Thu,1,Fresh,ambient,Colombo,0.583
VEH034,Tue,1,Fresh,ambient,Colombo,0.638
VEH034,Wed,1,Fresh,ambient,Colombo,0.696
VEH035,Fri,1,Fresh,chilled,Colombo,0.974
VEH035,Sat,1,Fresh,chilled,Colombo,0.948
VEH035,Thu,1,Fresh,chilled,Colombo,0.965
VEH035,Tue,1,Fresh,chilled,Colombo,0.966
VEH035,Wed,1,Fresh,chilled,Colombo,0.957
VEH037,Fri,1,Fresh,ambient,Colombo,0.974
VEH037,Mon,1,Fresh,ambient,Colombo,0.957
VEH037,Sat,1,Fresh,ambient,Colombo,0.914
VEH037,Thu,1,Fresh,ambient,Colombo,0.948
VEH037,Tue,1,Fresh,ambient,Colombo,0.948
VEH037,Wed,1,Fresh,ambient,Colombo,0.974
VEH039,Mon,1,Fresh,chilled,Kegalle,0.543
VEH039,Mon,2,Fresh,chilled,Matale,0.526
VEH039,Sat,1,Fresh,chilled,Matale,0.862
VEH039,Thu,1,Fresh,chilled,Kegalle,0.678
VEH039,Thu,2,Fresh,chilled,Matale,0.678
VEH039,Tue,1,Fresh,chilled,Kandy,0.845
VEH039,Wed,1,Fresh,chilled,Kegalle,0.574
VEH039,Wed,2,Fresh,chilled,Matale,0.574
VEH040,Fri,1,Fresh,chilled,Nuwara Eliya,0.769
VEH040,Fri,2,Fresh,chilled,Matale,0.761
VEH040,Mon,1,Fresh,chilled,Badulla,0.974
VEH040,Sat,1,Fresh,chilled,Nuwara Eliya,0.905
VEH040,Thu,1,Fresh,chilled,Badulla,0.983
VEH040,Thu,2,Fresh,chilled,Kandy,0.948
VEH040,Tue,1,Fresh,chilled,Nuwara Eliya,0.931
VEH040,Wed,1,Fresh,chilled,Badulla,0.965
VEH041,Fri,1,Fresh,chilled,Badulla,0.966
VEH041,Mon,1,Fresh,chilled,Badulla,0.966
VEH041,Sat,1,Fresh,chilled,Badulla,0.94
VEH041,Thu,1,Fresh,chilled,Badulla,0.974
VEH041,Tue,1,Fresh,chilled,Badulla,0.957
VEH041,Wed,1,Fresh,chilled,Badulla,0.991
VEH042,Wed,1,Fresh,chilled,Kandy,0.843
VEH043,Fri,1,Fresh,chilled,Kegalle,0.709
VEH043,Fri,2,Fresh,chilled,Kandy,0.701
VEH043,Mon,1,Fresh,chilled,Nuwara Eliya,0.819
VEH043,Mon,2,Fresh,chilled,Kandy,0.802
VEH043,Sat,1,Fresh,chilled,Kegalle,0.448
VEH043,Sat,2,Fresh,chilled,Kandy,0.448
VEH043,Thu,1,Fresh,chilled,Nuwara Eliya,0.896
VEH043,Tue,1,Fresh,chilled,Kegalle,0.543
VEH043,Tue,2,Fresh,chilled,Matale,0.534
VEH043,Wed,1,Fresh,chilled,Nuwara Eliya,0.948
VEH044,Fri,1,Fresh,ambient,Nuwara Eliya,0.923
VEH044,Mon,1,Fresh,ambient,Nuwara Eliya,0.888
VEH044,Mon,2,Tech,ambient,Matale,0.448
VEH044,Sat,1,Fresh,ambient,Nuwara Eliya,0.888
VEH044,Thu,1,Fresh,ambient,Nuwara Eliya,0.896
VEH044,Thu,2,Tech,ambient,Kandy,0.652
VEH044,Tue,1,Fresh,ambient,Nuwara Eliya,0.94
VEH044,Wed,1,Fresh,ambient,Nuwara Eliya,0.843
VEH044,Wed,2,Tech,ambient,Kandy,0.435
VEH045,Fri,1,Fresh,ambient,Kegalle,0.709
VEH045,Fri,2,Fresh,ambient,Kandy,0.684
VEH045,Mon,1,Fresh,ambient,Kegalle,0.716
VEH045,Mon,2,Fresh,ambient,Kandy,0.707
VEH045,Sat,1,Fresh,ambient,Kegalle,0.716
VEH045,Sat,2,Fresh,ambient,Kandy,0.707
VEH045,Thu,1,Fresh,ambient,Kegalle,0.739
VEH045,Thu,2,Fresh,ambient,Kandy,0.739
VEH045,Tue,1,Fresh,ambient,Kegalle,0.776
VEH045,Tue,2,Fresh,ambient,Kandy,0.776
VEH045,Wed,1,Fresh,ambient,Kegalle,0.696
VEH045,Wed,2,Fresh,ambient,Kandy,0.687
VEH046,Fri,1,Fresh,ambient,Badulla,0.991
VEH046,Fri,2,Tech,ambient,Badulla,0.436
VEH046,Mon,1,Fresh,ambient,Badulla,0.948
VEH046,Mon,2,Style,ambient,Badulla,0.871
VEH046,Sat,1,Fresh,ambient,Badulla,0.983
VEH046,Sat,2,Style,ambient,Nuwara Eliya,0.983
VEH046,Thu,1,Fresh,ambient,Badulla,0.957
VEH046,Thu,2,Style,ambient,Kandy,0.957
VEH046,Tue,1,Fresh,ambient,Badulla,0.974
VEH046,Wed,1,Fresh,ambient,Badulla,0.939
VEH046,Wed,2,Tech,ambient,Badulla,0.557
VEH048,Fri,1,Fresh,ambient,Matale,0.821
VEH048,Mon,1,Fresh,ambient,Matale,0.836
VEH048,Sat,1,Fresh,ambient,Matale,0.828
VEH048,Thu,1,Fresh,ambient,Matale,0.87
VEH048,Tue,1,Fresh,ambient,Matale,0.879
VEH048,Wed,1,Fresh,ambient,Matale,0.774
VEH056,Fri,1,Fresh,ambient,Badulla,0.974
VEH056,Mon,1,Fresh,ambient,Badulla,0.966
VEH056,Mon,2,Style,ambient,Matale,0.871
VEH056,Sat,1,Fresh,ambient,Badulla,0.957
VEH056,Sat,2,Tech,ambient,Matale,0.56
VEH056,Thu,1,Fresh,ambient,Badulla,0.974
VEH056,Thu,2,Style,ambient,Kandy,0.974
VEH056,Tue,1,Fresh,ambient,Badulla,0.983
VEH056,Wed,1,Fresh,ambient,Badulla,0.948
VEH056,Wed,2,Style,ambient,Kegalle,0.539
VEH057,Fri,1,Fresh,chilled,Kandy,0.966
VEH057,Mon,1,Fresh,chilled,Kandy,0.957
VEH057,Sat,1,Fresh,chilled,Kandy,0.974
VEH057,Thu,1,Fresh,chilled,Kandy,0.974
VEH057,Tue,1,Fresh,chilled,Kandy,0.966
VEH057,Wed,1,Fresh,chilled,Kandy,0.957
VEH059,Fri,1,Fresh,ambient,Kandy,0.974
VEH059,Fri,2,Fresh,ambient,Kandy,0.838
VEH059,Mon,1,Fresh,ambient,Kandy,0.983
VEH059,Mon,2,Fresh,ambient,Kandy,0.397
VEH059,Sat,1,Fresh,ambient,Kandy,0.983
VEH059,Sat,2,Fresh,ambient,Kandy,0.698
VEH059,Thu,1,Fresh,ambient,Kandy,0.991
VEH059,Thu,2,Style,ambient,Kandy,0.6
VEH059,Tue,1,Fresh,ambient,Kandy,0.957
VEH059,Wed,1,Fresh,ambient,Kandy,0.957
VEH059,Wed,2,Tech,ambient,Kandy,0.357
VEH060,Thu,1,Style,ambient,Kandy,0.322
