outlet_id,temp,last_delivered,deferred_on
OUT001,ambient,2026-04-07,
OUT001,chilled,2026-04-07,
OUT002,ambient,2026-04-07,
OUT003,ambient,2026-04-07,
OUT003,chilled,2026-04-04,
OUT004,ambient,2026-04-07,
OUT004,chilled,2026-04-04,
OUT005,ambient,2026-04-07,
OUT005,chilled,2026-04-04,
OUT006,ambient,2026-04-07,
OUT007,ambient,2026-04-07,
OUT007,chilled,2026-04-06,
OUT008,ambient,2026-04-07,
OUT009,ambient,2026-04-07,
OUT010,ambient,2026-04-07,
OUT011,ambient,2026-04-07,
OUT011,chilled,2026-04-07,
OUT012,ambient,2026-04-07,
OUT012,chilled,2026-04-07,
OUT013,ambient,2026-04-07,
OUT013,chilled,2026-04-04,
OUT014,ambient,2026-04-07,
OUT014,chilled,2026-04-06,
OUT025,ambient,2026-04-07,
OUT025,chilled,2026-04-07,
OUT026,ambient,2026-04-07,
OUT027,ambient,2026-04-07,
OUT028,ambient,2026-04-07,
OUT028,chilled,2026-04-07,
OUT029,ambient,2026-04-07,
OUT030,ambient,2026-04-07,
OUT031,ambient,2026-04-07,
OUT031,chilled,2026-04-07,
OUT032,ambient,2026-04-07,
OUT032,chilled,2026-04-07,
OUT033,ambient,2026-04-07,
OUT033,chilled,2026-04-06,
OUT034,ambient,2026-04-07,
OUT035,ambient,2026-04-01,
OUT036,ambient,2026-04-01,
OUT037,ambient,2026-04-01,
OUT040,ambient,2026-04-07,
OUT040,chilled,2026-04-07,
OUT041,ambient,2026-04-07,
OUT041,chilled,2026-04-07,
OUT042,ambient,2026-04-07,
OUT042,chilled,2026-04-07,
OUT043,ambient,2026-04-07,
OUT044,ambient,2026-04-07,
OUT045,ambient,2026-04-07,
OUT046,ambient,2026-04-07,
OUT050,ambient,2026-04-07,
OUT050,chilled,2026-04-07,
OUT051,ambient,2026-04-07,
OUT051,chilled,2026-04-07,
OUT052,ambient,2026-04-07,
OUT052,chilled,2026-04-07,
OUT053,ambient,2026-04-07,
OUT053,chilled,2026-04-06,
OUT054,ambient,2026-04-07,
OUT054,chilled,2026-04-06,
OUT055,ambient,2026-04-07,
OUT055,chilled,2026-04-07,
OUT059,ambient,2026-04-07,
OUT060,ambient,2026-04-07,
OUT061,ambient,2026-04-07,
OUT062,ambient,2026-04-07,
OUT065,ambient,2026-04-07,
OUT066,ambient,2026-04-07,
OUT067,ambient,2026-04-07,
OUT067,chilled,2026-04-07,
OUT068,ambient,2026-04-07,
OUT068,chilled,2026-04-07,
OUT069,ambient,2026-04-07,
OUT069,chilled,2026-04-07,
OUT073,ambient,2026-04-07,
OUT073,chilled,2026-04-07,
OUT074,ambient,2026-04-07,
OUT075,ambient,2026-04-07,
OUT075,chilled,2026-04-07,
OUT076,ambient,2026-04-07,
OUT076,chilled,2026-04-04,
OUT077,ambient,2026-04-07,
OUT078,ambient,2026-04-07,
OUT079,ambient,2026-04-07,
OUT080,ambient,2026-04-07,
OUT080,chilled,2026-04-07,
OUT081,ambient,2026-04-07,
OUT081,chilled,2026-04-07,
OUT082,ambient,2026-04-07,
OUT082,chilled,2026-04-06,
OUT083,ambient,2026-04-07,
OUT083,chilled,2026-04-07,
OUT084,ambient,2026-04-07,
OUT084,chilled,2026-04-07,
OUT085,ambient,2026-04-07,
OUT085,chilled,2026-04-07,
OUT086,ambient,2026-04-07,
OUT087,ambient,2026-04-07,
OUT087,chilled,2026-04-06,
OUT096,ambient,2026-04-07,
OUT097,ambient,2026-04-07,
OUT097,chilled,2026-04-07,
OUT098,ambient,2026-04-07,
OUT099,ambient,2026-04-07,
OUT099,chilled,2026-04-07,
OUT100,ambient,2026-04-07,
OUT100,chilled,2026-04-07,
OUT101,ambient,2026-04-07,
OUT101,chilled,2026-04-06,
OUT104,ambient,2026-04-07,
OUT104,chilled,2026-04-07,
OUT105,ambient,2026-04-07,
OUT105,chilled,2026-04-07,
OUT106,ambient,2026-04-07,
OUT106,chilled,2026-04-07,
OUT107,ambient,2026-04-07,
OUT107,chilled,2026-04-07,
OUT108,ambient,2026-04-07,
OUT110,ambient,2026-04-07,
OUT110,chilled,2026-04-06,
OUT111,ambient,2026-04-07,
OUT111,chilled,2026-04-06,
OUT112,ambient,2026-04-07,
OUT112,chilled,2026-04-07,
OUT113,ambient,2026-04-07,
OUT113,chilled,2026-04-07,
OUT116,ambient,2026-04-07,
OUT116,chilled,2026-04-07,
OUT117,ambient,2026-04-07,
OUT117,chilled,2026-04-04,
OUT118,ambient,2026-04-07,
OUT119,ambient,2026-04-07,
OUT119,chilled,2026-04-07,2026-04-06
OUT120,ambient,2026-04-01,
