order_ref,outlet_id,brand,temp,requested_date,units,kg,m3,placed_at,lines
ORD0098463,OUT001,Fresh,ambient,2026-04-08,17,109.3,0.613,2026-04-07 15:04,rice_dhal:5;packet_foods:7;tea_biscuit:5
ORD0098464,OUT001,Fresh,chilled,2026-04-08,19,129.8,0.705,2026-04-07 15:09,dairy:5;produce:8;meat_fish:6
ORD0098465,OUT002,Fresh,ambient,2026-04-08,24,163.1,0.902,2026-04-07 13:40,rice_dhal:9;packet_foods:9;tea_biscuit:6
ORD0098466,OUT003,Fresh,ambient,2026-04-08,20,138.1,0.752,2026-04-07 11:33,rice_dhal:8;packet_foods:7;tea_biscuit:5
ORD0098467,OUT003,Fresh,chilled,2026-04-08,15,96.2,0.531,2026-04-07 11:36,produce:7;meat_fish:8
ORD0098468,OUT004,Fresh,ambient,2026-04-08,36,252.8,1.38,2026-04-07 08:50,rice_dhal:15;packet_foods:13;tea_biscuit:8
ORD0098469,OUT004,Fresh,chilled,2026-04-08,24,166.5,0.889,2026-04-07 08:53,dairy:8;produce:9;meat_fish:7
ORD0098470,OUT005,Fresh,ambient,2026-04-08,98,599.2,3.279,2026-04-07 12:24,rice_dhal:24;packet_foods:42;tea_biscuit:32
ORD0098471,OUT005,Fresh,chilled,2026-04-08,77,526.2,2.861,2026-04-07 12:26,dairy:21;produce:32;meat_fish:24
ORD0098472,OUT006,Fresh,ambient,2026-04-08,101,655.5,3.527,2026-04-07 13:49,rice_dhal:32;packet_foods:40;tea_biscuit:29
ORD0098473,OUT007,Fresh,ambient,2026-04-08,134,916.3,4.894,2026-04-07 10:35,rice_dhal:51;packet_foods:51;tea_biscuit:32
ORD0098474,OUT007,Fresh,chilled,2026-04-08,82,567.5,3.063,2026-04-07 10:43,dairy:26;produce:33;meat_fish:23
ORD0098475,OUT008,Fresh,ambient,2026-04-08,74,482.3,2.571,2026-04-07 13:19,rice_dhal:24;packet_foods:29;tea_biscuit:21
ORD0098476,OUT009,Fresh,ambient,2026-04-08,55,388.3,2.112,2026-04-07 10:19,rice_dhal:23;packet_foods:22;tea_biscuit:10
ORD0098477,OUT010,Fresh,ambient,2026-04-08,66,464.1,2.368,2026-04-07 11:12,rice_dhal:28;packet_foods:21;tea_biscuit:17
ORD0098478,OUT011,Fresh,ambient,2026-04-08,74,501.7,2.75,2026-04-07 14:01,rice_dhal:27;packet_foods:29;tea_biscuit:18
ORD0098479,OUT011,Fresh,chilled,2026-04-08,44,335.7,1.742,2026-04-07 14:09,dairy:31;produce:13
ORD0098480,OUT012,Fresh,ambient,2026-04-08,60,426.4,2.284,2026-04-07 15:58,rice_dhal:26;packet_foods:21;tea_biscuit:13
ORD0098481,OUT012,Fresh,chilled,2026-04-08,48,339.8,1.769,2026-04-07 15:59,dairy:18;produce:17;meat_fish:13
ORD0098482,OUT013,Fresh,ambient,2026-04-08,135,1000.2,5.282,2026-04-07 09:14,rice_dhal:65;packet_foods:53;tea_biscuit:17
ORD0098483,OUT013,Fresh,chilled,2026-04-08,86,577.7,3.105,2026-04-07 09:17,dairy:13;produce:35;meat_fish:38
ORD0098484,OUT014,Fresh,ambient,2026-04-08,47,330.0,1.777,2026-04-07 09:21,rice_dhal:19;packet_foods:19;tea_biscuit:9
ORD0098485,OUT014,Fresh,chilled,2026-04-08,64,418.7,2.275,2026-04-07 09:29,dairy:3;produce:28;meat_fish:33
ORD0098486,OUT025,Fresh,ambient,2026-04-08,45,315.3,1.638,2026-04-07 11:38,rice_dhal:19;packet_foods:14;tea_biscuit:12
ORD0098487,OUT025,Fresh,chilled,2026-04-08,28,200.1,1.057,2026-04-07 11:40,dairy:12;produce:10;meat_fish:6
ORD0098488,OUT026,Fresh,ambient,2026-04-08,67,406.6,2.226,2026-04-07 09:47,rice_dhal:16;packet_foods:28;tea_biscuit:23
ORD0098489,OUT027,Fresh,ambient,2026-04-08,67,460.5,2.492,2026-04-07 12:15,rice_dhal:26;packet_foods:25;tea_biscuit:16
ORD0098490,OUT028,Fresh,ambient,2026-04-08,93,577.2,3.128,2026-04-07 08:42,rice_dhal:25;packet_foods:36;tea_biscuit:32
ORD0098491,OUT028,Fresh,chilled,2026-04-08,64,469.0,2.471,2026-04-07 08:44,dairy:36;produce:22;meat_fish:6
ORD0098492,OUT029,Fresh,ambient,2026-04-08,77,468.9,2.562,2026-04-07 10:12,rice_dhal:19;packet_foods:30;tea_biscuit:28
ORD0098493,OUT030,Fresh,ambient,2026-04-08,72,490.2,2.675,2026-04-07 10:41,rice_dhal:27;packet_foods:28;tea_biscuit:17
ORD0098494,OUT031,Fresh,ambient,2026-04-08,189,1311.5,6.937,2026-04-07 14:11,rice_dhal:76;packet_foods:68;tea_biscuit:45
ORD0098495,OUT031,Fresh,chilled,2026-04-08,157,1136.6,6.179,2026-04-07 14:17,dairy:89;produce:63;meat_fish:5
ORD0098496,OUT032,Fresh,ambient,2026-04-08,140,932.4,5.118,2026-04-07 16:01,rice_dhal:49;packet_foods:54;tea_biscuit:37
ORD0098497,OUT032,Fresh,chilled,2026-04-08,129,985.4,5.299,2026-04-07 16:02,dairy:93;produce:36
ORD0098498,OUT033,Fresh,ambient,2026-04-08,73,538.1,2.935,2026-04-07 14:45,rice_dhal:35;packet_foods:26;tea_biscuit:12
ORD0098499,OUT033,Fresh,chilled,2026-04-08,77,526.6,2.842,2026-04-07 14:53,dairy:20;produce:31;meat_fish:26
ORD0098500,OUT034,Fresh,ambient,2026-04-08,71,464.8,2.51,2026-04-07 11:52,rice_dhal:23;packet_foods:29;tea_biscuit:19
ORD0098501,OUT035,Style,ambient,2026-04-08,69,1013.4,16.516,2026-04-07 14:00,garment_carton:69
ORD0098502,OUT036,Style,ambient,2026-04-08,56,852.5,13.497,2026-04-07 13:09,garment_carton:56
ORD0098503,OUT037,Style,ambient,2026-04-08,39,551.2,9.145,2026-04-07 09:13,garment_carton:39
ORD0098504,OUT040,Fresh,ambient,2026-04-08,101,680.1,3.808,2026-04-07 09:15,rice_dhal:36;packet_foods:40;tea_biscuit:25
ORD0098505,OUT040,Fresh,chilled,2026-04-08,71,511.8,2.789,2026-04-07 09:19,dairy:38;produce:28;meat_fish:5
ORD0098506,OUT041,Fresh,ambient,2026-04-08,57,394.1,2.168,2026-04-07 15:44,rice_dhal:22;packet_foods:22;tea_biscuit:13
ORD0098507,OUT041,Fresh,chilled,2026-04-08,55,342.6,1.892,2026-04-07 15:49,produce:21;meat_fish:34
ORD0098508,OUT042,Fresh,ambient,2026-04-08,153,1057.6,5.671,2026-04-07 13:50,rice_dhal:61;packet_foods:53;tea_biscuit:39
ORD0098509,OUT042,Fresh,chilled,2026-04-08,126,838.7,4.515,2026-04-07 13:53,dairy:14;produce:52;meat_fish:60
ORD0098510,OUT043,Fresh,ambient,2026-04-08,43,303.5,1.561,2026-04-07 11:10,rice_dhal:18;packet_foods:16;tea_biscuit:9
ORD0098511,OUT044,Fresh,ambient,2026-04-08,59,407.6,2.219,2026-04-07 14:18,rice_dhal:23;packet_foods:23;tea_biscuit:13
ORD0098512,OUT045,Fresh,ambient,2026-04-08,39,271.9,1.492,2026-04-07 12:39,rice_dhal:16;packet_foods:14;tea_biscuit:9
ORD0098513,OUT046,Fresh,ambient,2026-04-08,49,333.0,1.77,2026-04-07 09:16,rice_dhal:18;packet_foods:19;tea_biscuit:12
ORD0098514,OUT049,Tech,ambient,2026-04-08,4,849.1,2.874,2026-04-07 12:27,appliance:4
ORD0098515,OUT050,Fresh,ambient,2026-04-08,65,439.9,2.439,2026-04-07 15:01,rice_dhal:24;packet_foods:25;tea_biscuit:16
ORD0098516,OUT050,Fresh,chilled,2026-04-08,70,527.6,2.73,2026-04-07 15:05,dairy:47;produce:21;meat_fish:2
ORD0098517,OUT051,Fresh,ambient,2026-04-08,37,250.7,1.366,2026-04-07 13:16,rice_dhal:14;packet_foods:13;tea_biscuit:10
ORD0098518,OUT051,Fresh,chilled,2026-04-08,19,154.9,0.802,2026-04-07 13:20,dairy:17;produce:2
ORD0098519,OUT052,Fresh,ambient,2026-04-08,92,662.3,3.54,2026-04-07 09:50,rice_dhal:41;packet_foods:35;tea_biscuit:16
ORD0098520,OUT052,Fresh,chilled,2026-04-08,68,444.9,2.425,2026-04-07 09:59,dairy:3;produce:30;meat_fish:35
ORD0098521,OUT053,Fresh,ambient,2026-04-08,32,215.9,1.171,2026-04-07 15:29,rice_dhal:12;packet_foods:11;tea_biscuit:9
ORD0098522,OUT053,Fresh,chilled,2026-04-08,33,227.5,1.19,2026-04-07 15:36,dairy:8;produce:12;meat_fish:13
ORD0098523,OUT054,Fresh,ambient,2026-04-08,137,947.4,5.049,2026-04-07 13:25,rice_dhal:54;packet_foods:53;tea_biscuit:30
ORD0098524,OUT054,Fresh,chilled,2026-04-08,122,797.7,4.25,2026-04-07 13:32,produce:50;meat_fish:72
ORD0098525,OUT055,Fresh,ambient,2026-04-08,69,466.8,2.516,2026-04-07 09:04,rice_dhal:25;packet_foods:27;tea_biscuit:17
ORD0098526,OUT055,Fresh,chilled,2026-04-08,48,328.4,1.763,2026-04-07 09:09,dairy:12;produce:19;meat_fish:17
ORD0098527,OUT059,Fresh,ambient,2026-04-08,76,528.3,2.763,2026-04-07 12:00,rice_dhal:31;packet_foods:25;tea_biscuit:20
ORD0098528,OUT060,Fresh,ambient,2026-04-08,54,386.4,2.042,2026-04-07 12:01,rice_dhal:24;packet_foods:18;tea_biscuit:12
ORD0098529,OUT061,Fresh,ambient,2026-04-08,66,466.6,2.447,2026-04-07 11:59,rice_dhal:28;packet_foods:24;tea_biscuit:14
ORD0098530,OUT062,Fresh,ambient,2026-04-08,87,576.6,3.027,2026-04-07 10:00,rice_dhal:30;packet_foods:34;tea_biscuit:23
ORD0098531,OUT065,Fresh,ambient,2026-04-08,88,640.3,3.402,2026-04-07 12:49,rice_dhal:40;packet_foods:34;tea_biscuit:14
ORD0098532,OUT066,Fresh,ambient,2026-04-08,69,465.1,2.518,2026-04-07 12:20,rice_dhal:25;packet_foods:27;tea_biscuit:17
ORD0098533,OUT067,Fresh,ambient,2026-04-08,56,397.4,2.086,2026-04-07 10:37,rice_dhal:24;packet_foods:21;tea_biscuit:11
ORD0098534,OUT067,Fresh,chilled,2026-04-08,63,446.4,2.413,2026-04-07 10:43,dairy:27;produce:25;meat_fish:11
ORD0098535,OUT068,Fresh,ambient,2026-04-08,71,472.0,2.591,2026-04-07 11:48,rice_dhal:25;packet_foods:27;tea_biscuit:19
ORD0098536,OUT068,Fresh,chilled,2026-04-08,51,351.2,1.816,2026-04-07 11:55,dairy:11;produce:18;meat_fish:22
ORD0098537,OUT069,Fresh,ambient,2026-04-08,73,494.7,2.63,2026-04-07 08:39,rice_dhal:27;packet_foods:28;tea_biscuit:18
ORD0098538,OUT069,Fresh,chilled,2026-04-08,41,281.8,1.551,2026-04-07 08:44,dairy:13;produce:18;meat_fish:10
ORD0098539,OUT073,Fresh,ambient,2026-04-08,78,476.0,2.628,2026-04-07 13:26,rice_dhal:19;packet_foods:33;tea_biscuit:26
ORD0098540,OUT073,Fresh,chilled,2026-04-08,63,468.2,2.603,2026-04-07 13:28,dairy:41;produce:22
ORD0098541,OUT074,Fresh,ambient,2026-04-08,69,492.2,2.686,2026-04-07 12:02,rice_dhal:30;packet_foods:26;tea_biscuit:13
ORD0098542,OUT075,Fresh,ambient,2026-04-08,37,250.3,1.351,2026-04-07 12:57,rice_dhal:13;packet_foods:15;tea_biscuit:9
ORD0098543,OUT075,Fresh,chilled,2026-04-08,36,249.0,1.397,2026-04-07 13:04,dairy:14;produce:17;meat_fish:5
ORD0098544,OUT076,Fresh,ambient,2026-04-08,34,227.3,1.264,2026-04-07 14:18,rice_dhal:12;packet_foods:13;tea_biscuit:9
ORD0098545,OUT076,Fresh,chilled,2026-04-08,25,174.8,0.93,2026-04-07 14:27,dairy:9;produce:9;meat_fish:7
ORD0098546,OUT077,Fresh,ambient,2026-04-08,20,132.7,0.725,2026-04-07 13:08,rice_dhal:7;packet_foods:7;tea_biscuit:6
ORD0098547,OUT078,Fresh,ambient,2026-04-08,28,199.2,1.05,2026-04-07 08:46,rice_dhal:12;packet_foods:11;tea_biscuit:5
ORD0098548,OUT079,Fresh,ambient,2026-04-08,26,171.7,0.903,2026-04-07 14:57,rice_dhal:9;packet_foods:10;tea_biscuit:7
ORD0098549,OUT080,Fresh,ambient,2026-04-08,25,173.8,0.919,2026-04-07 11:38,rice_dhal:10;packet_foods:9;tea_biscuit:6
ORD0098550,OUT080,Fresh,chilled,2026-04-08,23,150.3,0.799,2026-04-07 11:45,produce:9;meat_fish:14
ORD0098551,OUT081,Fresh,ambient,2026-04-08,28,187.8,1.01,2026-04-07 14:02,rice_dhal:10;packet_foods:11;tea_biscuit:7
ORD0098552,OUT081,Fresh,chilled,2026-04-08,29,210.7,1.112,2026-04-07 14:09,dairy:15;produce:10;meat_fish:4
ORD0098553,OUT082,Fresh,ambient,2026-04-08,29,193.3,1.037,2026-04-07 10:28,rice_dhal:10;packet_foods:12;tea_biscuit:7
ORD0098554,OUT082,Fresh,chilled,2026-04-08,17,114.6,0.602,2026-04-07 10:31,dairy:3;produce:6;meat_fish:8
ORD0098555,OUT083,Fresh,ambient,2026-04-08,17,119.7,0.636,2026-04-07 10:19,rice_dhal:7;packet_foods:7;tea_biscuit:3
ORD0098556,OUT083,Fresh,chilled,2026-04-08,24,154.1,0.811,2026-04-07 10:22,produce:8;meat_fish:16
ORD0098557,OUT084,Fresh,ambient,2026-04-08,49,319.9,1.74,2026-04-07 09:40,rice_dhal:16;packet_foods:19;tea_biscuit:14
ORD0098558,OUT084,Fresh,chilled,2026-04-08,46,340.4,1.73,2026-04-07 09:45,dairy:24;produce:13;meat_fish:9
ORD0098559,OUT085,Fresh,ambient,2026-04-08,76,490.7,2.573,2026-04-07 13:57,rice_dhal:24;packet_foods:29;tea_biscuit:23
ORD0098560,OUT085,Fresh,chilled,2026-04-08,77,559.5,2.931,2026-04-07 14:05,dairy:38;produce:26;meat_fish:13
ORD0098561,OUT086,Fresh,ambient,2026-04-08,51,379.8,1.967,2026-04-07 12:23,rice_dhal:25;packet_foods:19;tea_biscuit:7
ORD0098562,OUT087,Fresh,ambient,2026-04-08,66,474.9,2.474,2026-04-07 15:39,rice_dhal:29;packet_foods:26;tea_biscuit:11
ORD0098563,OUT087,Fresh,chilled,2026-04-08,43,271.1,1.419,2026-04-07 15:45,produce:15;meat_fish:28
ORD0098564,OUT095,Tech,ambient,2026-04-08,4,890.0,2.987,2026-04-07 12:44,appliance:4
ORD0098565,OUT096,Fresh,ambient,2026-04-08,39,254.4,1.386,2026-04-07 14:59,rice_dhal:13;packet_foods:15;tea_biscuit:11
ORD0098566,OUT097,Fresh,ambient,2026-04-08,84,550.7,2.999,2026-04-07 14:10,rice_dhal:28;packet_foods:33;tea_biscuit:23
ORD0098567,OUT097,Fresh,chilled,2026-04-08,82,579.9,3.225,2026-04-07 14:12,dairy:39;produce:36;meat_fish:7
ORD0098568,OUT098,Fresh,ambient,2026-04-08,90,532.1,2.888,2026-04-07 15:57,rice_dhal:19;packet_foods:37;tea_biscuit:34
ORD0098569,OUT099,Fresh,ambient,2026-04-08,75,518.0,2.797,2026-04-07 12:46,rice_dhal:29;packet_foods:29;tea_biscuit:17
ORD0098570,OUT099,Fresh,chilled,2026-04-08,49,355.6,1.892,2026-04-07 12:50,dairy:25;produce:17;meat_fish:7
ORD0098571,OUT100,Fresh,ambient,2026-04-08,113,680.0,3.722,2026-04-07 10:54,rice_dhal:26;packet_foods:46;tea_biscuit:41
ORD0098572,OUT100,Fresh,chilled,2026-04-08,116,734.8,4.081,2026-04-07 11:03,produce:50;meat_fish:66
ORD0098573,OUT101,Fresh,ambient,2026-04-08,63,456.3,2.387,2026-04-07 13:08,rice_dhal:29;packet_foods:21;tea_biscuit:13
ORD0098574,OUT101,Fresh,chilled,2026-04-08,77,515.0,2.811,2026-04-07 13:14,dairy:13;produce:33;meat_fish:31
ORD0098575,OUT104,Fresh,ambient,2026-04-08,59,414.2,2.227,2026-04-07 10:35,rice_dhal:24;packet_foods:23;tea_biscuit:12
ORD0098576,OUT104,Fresh,chilled,2026-04-08,46,309.0,1.695,2026-04-07 10:42,dairy:10;produce:20;meat_fish:16
ORD0098577,OUT105,Fresh,ambient,2026-04-08,54,397.3,2.045,2026-04-07 08:42,rice_dhal:26;packet_foods:18;tea_biscuit:10
ORD0098578,OUT105,Fresh,chilled,2026-04-08,37,274.8,1.469,2026-04-07 08:50,dairy:24;produce:13
ORD0098579,OUT106,Fresh,ambient,2026-04-08,70,472.3,2.509,2026-04-07 10:23,rice_dhal:25;packet_foods:27;tea_biscuit:18
ORD0098580,OUT106,Fresh,chilled,2026-04-08,47,318.6,1.709,2026-04-07 10:30,dairy:9;produce:19;meat_fish:19
ORD0098581,OUT107,Fresh,ambient,2026-04-08,75,500.4,2.723,2026-04-07 09:35,rice_dhal:26;packet_foods:30;tea_biscuit:19
ORD0098582,OUT107,Fresh,chilled,2026-04-08,53,375.2,2.044,2026-04-07 09:44,dairy:23;produce:21;meat_fish:9
ORD0098583,OUT108,Fresh,ambient,2026-04-08,71,482.0,2.665,2026-04-07 12:57,rice_dhal:26;packet_foods:28;tea_biscuit:17
ORD0098584,OUT110,Fresh,ambient,2026-04-08,49,358.5,1.943,2026-04-07 09:15,rice_dhal:23;packet_foods:18;tea_biscuit:8
ORD0098585,OUT110,Fresh,chilled,2026-04-08,40,249.9,1.384,2026-04-07 09:21,produce:16;meat_fish:24
ORD0098586,OUT111,Fresh,ambient,2026-04-08,35,225.2,1.283,2026-04-07 11:20,rice_dhal:11;packet_foods:14;tea_biscuit:10
ORD0098587,OUT111,Fresh,chilled,2026-04-08,26,159.8,0.863,2026-04-07 11:23,produce:9;meat_fish:17
ORD0098588,OUT112,Fresh,ambient,2026-04-08,87,583.2,3.233,2026-04-07 11:08,rice_dhal:31;packet_foods:34;tea_biscuit:22
ORD0098589,OUT112,Fresh,chilled,2026-04-08,60,417.4,2.207,2026-04-07 11:14,dairy:18;produce:22;meat_fish:20
ORD0098590,OUT113,Fresh,ambient,2026-04-08,102,727.8,3.784,2026-04-07 09:24,rice_dhal:45;packet_foods:34;tea_biscuit:23
ORD0098591,OUT113,Fresh,chilled,2026-04-08,59,418.2,2.24,2026-04-07 09:28,dairy:25;produce:22;meat_fish:12
ORD0098592,OUT115,Tech,ambient,2026-04-08,10,2136.2,7.07,2026-04-07 15:22,appliance:10
ORD0098593,OUT116,Fresh,ambient,2026-04-08,86,572.0,3.168,2026-04-07 08:35,rice_dhal:30;packet_foods:32;tea_biscuit:24
ORD0098594,OUT116,Fresh,chilled,2026-04-08,47,335.2,1.774,2026-04-07 08:41,dairy:20;produce:17;meat_fish:10
ORD0098595,OUT117,Fresh,ambient,2026-04-08,102,685.6,3.772,2026-04-07 14:14,rice_dhal:36;packet_foods:44;tea_biscuit:22
ORD0098596,OUT117,Fresh,chilled,2026-04-08,92,659.2,3.464,2026-04-07 14:10,dairy:40;produce:32;meat_fish:20
ORD0098597,OUT118,Fresh,ambient,2026-04-08,138,877.6,5.048,2026-04-07 14:48,rice_dhal:40;packet_foods:58;tea_biscuit:40
ORD0098598,OUT119,Fresh,ambient,2026-04-08,57,395.6,2.116,2026-04-07 10:35,rice_dhal:23;packet_foods:20;tea_biscuit:14
ORD0098599,OUT119,Fresh,chilled,2026-04-08,65,466.4,2.438,2026-04-07 10:39,dairy:28;produce:22;meat_fish:15
ORD0098600,OUT120,Style,ambient,2026-04-08,77,1109.9,17.73,2026-04-07 15:18,garment_carton:77
ORD0098601,OUT001,Fresh,ambient,2026-04-09,19,131.4,0.707,2026-04-07 11:00,rice_dhal:7;packet_foods:8;tea_biscuit:4
ORD0098602,OUT001,Fresh,chilled,2026-04-09,23,164.5,0.854,2026-04-07 11:00,dairy:10;produce:8;meat_fish:5
ORD0098603,OUT002,Fresh,ambient,2026-04-09,26,168.4,0.927,2026-04-07 11:00,rice_dhal:8;packet_foods:11;tea_biscuit:7
ORD0098604,OUT002,Fresh,chilled,2026-04-09,22,138.7,0.765,2026-04-07 11:00,produce:9;meat_fish:13
ORD0098605,OUT003,Fresh,ambient,2026-04-09,24,157.2,0.857,2026-04-07 11:00,rice_dhal:8;packet_foods:9;tea_biscuit:7
ORD0098606,OUT003,Fresh,chilled,2026-04-09,17,109.6,0.6,2026-04-07 11:00,produce:8;meat_fish:9
ORD0098607,OUT004,Fresh,ambient,2026-04-09,51,349.2,1.839,2026-04-07 11:00,rice_dhal:19;packet_foods:20;tea_biscuit:12
ORD0098608,OUT004,Fresh,chilled,2026-04-09,30,200.0,1.082,2026-04-07 11:00,dairy:4;produce:13;meat_fish:13
ORD0098609,OUT005,Fresh,ambient,2026-04-09,108,750.0,3.996,2026-04-07 11:00,rice_dhal:43;packet_foods:42;tea_biscuit:23
ORD0098610,OUT005,Fresh,chilled,2026-04-09,89,626.1,3.436,2026-04-07 11:00,dairy:38;produce:38;meat_fish:13
ORD0098611,OUT006,Fresh,ambient,2026-04-09,112,760.6,4.031,2026-04-07 11:00,rice_dhal:42;packet_foods:41;tea_biscuit:29
ORD0098612,OUT006,Fresh,chilled,2026-04-09,108,755.4,4.104,2026-04-07 11:00,dairy:42;produce:44;meat_fish:22
ORD0098613,OUT007,Fresh,ambient,2026-04-09,144,1033.8,5.566,2026-04-07 11:00,rice_dhal:64;packet_foods:52;tea_biscuit:28
ORD0098614,OUT008,Fresh,ambient,2026-04-09,71,497.2,2.701,2026-04-07 11:00,rice_dhal:29;packet_foods:28;tea_biscuit:14
ORD0098615,OUT008,Fresh,chilled,2026-04-09,51,357.2,1.844,2026-04-07 11:00,dairy:14;produce:17;meat_fish:20
ORD0098616,OUT009,Fresh,ambient,2026-04-09,70,463.3,2.536,2026-04-07 11:00,rice_dhal:24;packet_foods:27;tea_biscuit:19
ORD0098617,OUT009,Fresh,chilled,2026-04-09,58,393.7,2.213,2026-04-07 11:00,dairy:17;produce:28;meat_fish:13
ORD0098618,OUT010,Fresh,ambient,2026-04-09,77,499.7,2.762,2026-04-07 11:00,rice_dhal:24;packet_foods:33;tea_biscuit:20
ORD0098619,OUT010,Fresh,chilled,2026-04-09,61,430.4,2.355,2026-04-07 11:00,dairy:26;produce:25;meat_fish:10
ORD0098620,OUT011,Fresh,ambient,2026-04-09,79,538.3,2.866,2026-04-07 11:00,rice_dhal:30;packet_foods:29;tea_biscuit:20
ORD0098621,OUT011,Fresh,chilled,2026-04-09,61,398.0,2.095,2026-04-07 11:00,produce:22;meat_fish:39
ORD0098622,OUT012,Fresh,ambient,2026-04-09,72,476.8,2.558,2026-04-07 11:00,rice_dhal:25;packet_foods:28;tea_biscuit:19
ORD0098623,OUT013,Fresh,ambient,2026-04-09,168,1137.6,6.125,2026-04-07 11:00,rice_dhal:62;packet_foods:64;tea_biscuit:42
ORD0098624,OUT013,Fresh,chilled,2026-04-09,99,703.6,3.72,2026-04-07 11:00,dairy:40;produce:36;meat_fish:23
ORD0098625,OUT014,Fresh,ambient,2026-04-09,63,407.4,2.21,2026-04-07 11:00,rice_dhal:20;packet_foods:24;tea_biscuit:19
ORD0098626,OUT014,Fresh,chilled,2026-04-09,67,483.5,2.556,2026-04-07 11:00,dairy:32;produce:24;meat_fish:11
ORD0098627,OUT015,Style,ambient,2026-04-09,51,733.3,11.684,2026-04-07 11:00,garment_carton:51
ORD0098628,OUT016,Style,ambient,2026-04-09,48,659.8,10.561,2026-04-07 11:00,garment_carton:48
ORD0098629,OUT017,Style,ambient,2026-04-09,84,1202.3,18.751,2026-04-07 11:00,garment_carton:84
ORD0098630,OUT018,Style,ambient,2026-04-09,56,895.9,14.031,2026-04-07 11:00,garment_carton:56
ORD0098631,OUT019,Style,ambient,2026-04-09,58,789.1,12.488,2026-04-07 11:00,garment_carton:58
ORD0098632,OUT020,Style,ambient,2026-04-09,80,1162.0,18.642,2026-04-07 11:00,garment_carton:80
ORD0098633,OUT025,Fresh,ambient,2026-04-09,50,354.1,1.924,2026-04-07 11:00,rice_dhal:21;packet_foods:20;tea_biscuit:9
ORD0098634,OUT025,Fresh,chilled,2026-04-09,34,229.6,1.262,2026-04-07 11:00,dairy:8;produce:15;meat_fish:11
ORD0098635,OUT026,Fresh,ambient,2026-04-09,66,467.6,2.44,2026-04-07 11:00,rice_dhal:28;packet_foods:25;tea_biscuit:13
ORD0098636,OUT026,Fresh,chilled,2026-04-09,48,321.6,1.753,2026-04-07 11:00,dairy:8;produce:21;meat_fish:19
ORD0098637,OUT027,Fresh,ambient,2026-04-09,85,577.3,3.082,2026-04-07 11:00,rice_dhal:32;packet_foods:31;tea_biscuit:22
ORD0098638,OUT027,Fresh,chilled,2026-04-09,58,411.3,2.212,2026-04-07 11:00,dairy:25;produce:22;meat_fish:11
ORD0098639,OUT028,Fresh,ambient,2026-04-09,92,608.4,3.312,2026-04-07 11:00,rice_dhal:31;packet_foods:37;tea_biscuit:24
ORD0098640,OUT029,Fresh,ambient,2026-04-09,82,550.6,3.037,2026-04-07 11:00,rice_dhal:29;packet_foods:32;tea_biscuit:21
ORD0098641,OUT030,Fresh,ambient,2026-04-09,96,643.2,3.506,2026-04-07 11:00,rice_dhal:34;packet_foods:37;tea_biscuit:25
ORD0098642,OUT030,Fresh,chilled,2026-04-09,82,584.4,3.165,2026-04-07 11:00,dairy:38;produce:32;meat_fish:12
ORD0098643,OUT031,Fresh,ambient,2026-04-09,194,1414.9,7.519,2026-04-07 11:00,rice_dhal:90;packet_foods:72;tea_biscuit:32
ORD0098644,OUT032,Fresh,ambient,2026-04-09,160,1152.3,5.983,2026-04-07 11:00,rice_dhal:72;packet_foods:56;tea_biscuit:32
ORD0098645,OUT033,Fresh,ambient,2026-04-09,92,596.3,3.303,2026-04-07 11:00,rice_dhal:29;packet_foods:36;tea_biscuit:27
ORD0098646,OUT033,Fresh,chilled,2026-04-09,109,746.6,3.972,2026-04-07 11:00,dairy:25;produce:42;meat_fish:42
ORD0098647,OUT034,Fresh,ambient,2026-04-09,86,572.1,3.128,2026-04-07 11:00,rice_dhal:30;packet_foods:33;tea_biscuit:23
ORD0098648,OUT034,Fresh,chilled,2026-04-09,89,632.7,3.35,2026-04-07 11:00,dairy:37;produce:32;meat_fish:20
ORD0098649,OUT040,Fresh,ambient,2026-04-09,129,860.4,4.64,2026-04-07 11:00,rice_dhal:45;packet_foods:51;tea_biscuit:33
ORD0098650,OUT041,Fresh,ambient,2026-04-09,73,511.1,2.715,2026-04-07 11:00,rice_dhal:30;packet_foods:27;tea_biscuit:16
ORD0098651,OUT041,Fresh,chilled,2026-04-09,59,433.9,2.322,2026-04-07 11:00,dairy:35;produce:21;meat_fish:3
ORD0098652,OUT042,Fresh,ambient,2026-04-09,204,1431.9,7.532,2026-04-07 11:00,rice_dhal:85;packet_foods:73;tea_biscuit:46
ORD0098653,OUT042,Fresh,chilled,2026-04-09,145,957.6,5.175,2026-04-07 11:00,dairy:11;produce:62;meat_fish:72
ORD0098654,OUT043,Fresh,ambient,2026-04-09,45,322.8,1.728,2026-04-07 11:00,rice_dhal:20;packet_foods:16;tea_biscuit:9
ORD0098655,OUT043,Fresh,chilled,2026-04-09,49,336.1,1.775,2026-04-07 11:00,dairy:11;produce:18;meat_fish:20
ORD0098656,OUT044,Fresh,ambient,2026-04-09,81,553.0,2.95,2026-04-07 11:00,rice_dhal:31;packet_foods:29;tea_biscuit:21
ORD0098657,OUT045,Fresh,ambient,2026-04-09,57,361.6,1.923,2026-04-07 11:00,rice_dhal:16;packet_foods:26;tea_biscuit:15
ORD0098658,OUT045,Fresh,chilled,2026-04-09,58,390.8,2.115,2026-04-07 11:00,dairy:11;produce:24;meat_fish:23
ORD0098659,OUT046,Fresh,ambient,2026-04-09,62,413.9,2.191,2026-04-07 11:00,rice_dhal:22;packet_foods:24;tea_biscuit:16
ORD0098660,OUT046,Fresh,chilled,2026-04-09,51,347.1,1.92,2026-04-07 11:00,dairy:14;produce:23;meat_fish:14
ORD0098661,OUT050,Fresh,ambient,2026-04-09,79,510.1,2.769,2026-04-07 11:00,rice_dhal:25;packet_foods:31;tea_biscuit:23
ORD0098662,OUT050,Fresh,chilled,2026-04-09,92,627.6,3.308,2026-04-07 11:00,dairy:18;produce:34;meat_fish:40
ORD0098663,OUT051,Fresh,ambient,2026-04-09,43,285.1,1.541,2026-04-07 11:00,rice_dhal:15;packet_foods:16;tea_biscuit:12
ORD0098664,OUT051,Fresh,chilled,2026-04-09,27,189.2,1.0,2026-04-07 11:00,dairy:9;produce:10;meat_fish:8
ORD0098665,OUT052,Fresh,ambient,2026-04-09,102,691.2,3.808,2026-04-07 11:00,rice_dhal:38;packet_foods:38;tea_biscuit:26
ORD0098666,OUT052,Fresh,chilled,2026-04-09,76,546.1,2.87,2026-04-07 11:00,dairy:34;produce:26;meat_fish:16
ORD0098667,OUT053,Fresh,ambient,2026-04-09,39,257.5,1.355,2026-04-07 11:00,rice_dhal:13;packet_foods:16;tea_biscuit:10
ORD0098668,OUT053,Fresh,chilled,2026-04-09,36,240.8,1.322,2026-04-07 11:00,dairy:6;produce:16;meat_fish:14
ORD0098669,OUT054,Fresh,ambient,2026-04-09,149,1039.0,5.651,2026-04-07 11:00,rice_dhal:60;packet_foods:58;tea_biscuit:31
ORD0098670,OUT054,Fresh,chilled,2026-04-09,144,958.6,5.061,2026-04-07 11:00,dairy:10;produce:55;meat_fish:79
ORD0098671,OUT055,Fresh,ambient,2026-04-09,84,556.7,3.082,2026-04-07 11:00,rice_dhal:29;packet_foods:33;tea_biscuit:22
ORD0098672,OUT055,Fresh,chilled,2026-04-09,60,441.5,2.374,2026-04-07 11:00,dairy:36;produce:21;meat_fish:3
ORD0098673,OUT059,Fresh,ambient,2026-04-09,86,575.8,3.112,2026-04-07 11:00,rice_dhal:30;packet_foods:34;tea_biscuit:22
ORD0098674,OUT059,Fresh,chilled,2026-04-09,84,577.6,3.1,2026-04-07 11:00,dairy:23;produce:33;meat_fish:28
ORD0098675,OUT060,Fresh,ambient,2026-04-09,70,528.8,2.804,2026-04-07 11:00,rice_dhal:36;packet_foods:24;tea_biscuit:10
ORD0098676,OUT060,Fresh,chilled,2026-04-09,84,581.9,3.195,2026-04-07 11:00,dairy:30;produce:36;meat_fish:18
ORD0098677,OUT061,Fresh,ambient,2026-04-09,90,614.5,3.349,2026-04-07 11:00,rice_dhal:34;packet_foods:35;tea_biscuit:21
ORD0098678,OUT061,Fresh,chilled,2026-04-09,51,350.6,1.914,2026-04-07 11:00,dairy:16;produce:22;meat_fish:13
ORD0098679,OUT062,Fresh,ambient,2026-04-09,96,667.4,3.569,2026-04-07 11:00,rice_dhal:39;packet_foods:33;tea_biscuit:24
ORD0098680,OUT062,Fresh,chilled,2026-04-09,69,493.4,2.617,2026-04-07 11:00,dairy:30;produce:25;meat_fish:14
ORD0098681,OUT065,Fresh,ambient,2026-04-09,105,748.6,4.093,2026-04-07 11:00,rice_dhal:45;packet_foods:41;tea_biscuit:19
ORD0098682,OUT065,Fresh,chilled,2026-04-09,135,876.9,4.741,2026-04-07 11:00,produce:58;meat_fish:77
ORD0098683,OUT066,Fresh,ambient,2026-04-09,73,512.7,2.752,2026-04-07 11:00,rice_dhal:30;packet_foods:29;tea_biscuit:14
ORD0098684,OUT066,Fresh,chilled,2026-04-09,73,523.3,2.834,2026-04-07 11:00,dairy:37;produce:29;meat_fish:7
ORD0098685,OUT067,Fresh,ambient,2026-04-09,72,468.5,2.591,2026-04-07 11:00,rice_dhal:23;packet_foods:28;tea_biscuit:21
ORD0098686,OUT067,Fresh,chilled,2026-04-09,81,519.4,2.79,2026-04-07 11:00,produce:30;meat_fish:51
ORD0098687,OUT068,Fresh,ambient,2026-04-09,74,559.9,2.909,2026-04-07 11:00,rice_dhal:38;packet_foods:27;tea_biscuit:9
ORD0098688,OUT069,Fresh,ambient,2026-04-09,89,596.7,3.149,2026-04-07 11:00,rice_dhal:32;packet_foods:34;tea_biscuit:23
ORD0098689,OUT073,Fresh,ambient,2026-04-09,81,548.6,2.874,2026-04-07 11:00,rice_dhal:30;packet_foods:30;tea_biscuit:21
ORD0098690,OUT073,Fresh,chilled,2026-04-09,74,522.9,2.806,2026-04-07 11:00,dairy:30;produce:29;meat_fish:15
ORD0098691,OUT074,Fresh,ambient,2026-04-09,75,528.1,2.786,2026-04-07 11:00,rice_dhal:32;packet_foods:24;tea_biscuit:19
ORD0098692,OUT074,Fresh,chilled,2026-04-09,81,543.9,2.868,2026-04-07 11:00,dairy:9;produce:31;meat_fish:41
ORD0098693,OUT075,Fresh,ambient,2026-04-09,43,298.8,1.62,2026-04-07 11:00,rice_dhal:17;packet_foods:17;tea_biscuit:9
ORD0098694,OUT076,Fresh,ambient,2026-04-09,38,250.7,1.366,2026-04-07 11:00,rice_dhal:13;packet_foods:15;tea_biscuit:10
ORD0098695,OUT076,Fresh,chilled,2026-04-09,27,198.2,1.058,2026-04-07 11:00,dairy:16;produce:10;meat_fish:1
ORD0098696,OUT077,Fresh,ambient,2026-04-09,21,158.2,0.82,2026-04-07 11:00,rice_dhal:11;packet_foods:5;tea_biscuit:5
ORD0098697,OUT077,Fresh,chilled,2026-04-09,21,151.0,0.795,2026-04-07 11:00,dairy:9;produce:7;meat_fish:5
ORD0098698,OUT078,Fresh,ambient,2026-04-09,33,231.9,1.234,2026-04-07 11:00,rice_dhal:14;packet_foods:11;tea_biscuit:8
ORD0098699,OUT078,Fresh,chilled,2026-04-09,37,248.0,1.337,2026-04-07 11:00,dairy:6;produce:15;meat_fish:16
ORD0098700,OUT079,Fresh,ambient,2026-04-09,27,181.2,0.959,2026-04-07 11:00,rice_dhal:10;packet_foods:10;tea_biscuit:7
ORD0098701,OUT079,Fresh,chilled,2026-04-09,24,161.6,0.867,2026-04-07 11:00,dairy:4;produce:10;meat_fish:10
ORD0098702,OUT080,Fresh,ambient,2026-04-09,27,186.5,1.007,2026-04-07 11:00,rice_dhal:11;packet_foods:9;tea_biscuit:7
ORD0098703,OUT080,Fresh,chilled,2026-04-09,27,181.1,0.999,2026-04-07 11:00,dairy:6;produce:12;meat_fish:9
ORD0098704,OUT081,Fresh,ambient,2026-04-09,35,238.2,1.279,2026-04-07 11:00,rice_dhal:13;packet_foods:13;tea_biscuit:9
ORD0098705,OUT081,Fresh,chilled,2026-04-09,40,273.3,1.471,2026-04-07 11:00,dairy:10;produce:16;meat_fish:14
ORD0098706,OUT082,Fresh,ambient,2026-04-09,30,222.5,1.172,2026-04-07 11:00,rice_dhal:15;packet_foods:8;tea_biscuit:7
ORD0098707,OUT082,Fresh,chilled,2026-04-09,20,137.6,0.72,2026-04-07 11:00,dairy:5;produce:7;meat_fish:8
ORD0098708,OUT083,Fresh,ambient,2026-04-09,22,156.5,0.808,2026-04-07 11:00,rice_dhal:9;packet_foods:8;tea_biscuit:5
ORD0098709,OUT084,Fresh,ambient,2026-04-09,57,368.8,2.01,2026-04-07 11:00,rice_dhal:18;packet_foods:22;tea_biscuit:17
ORD0098710,OUT084,Fresh,chilled,2026-04-09,58,395.1,2.026,2026-04-07 11:00,dairy:8;produce:20;meat_fish:30
ORD0098711,OUT085,Fresh,ambient,2026-04-09,79,556.3,2.856,2026-04-07 11:00,rice_dhal:33;packet_foods:30;tea_biscuit:16
ORD0098712,OUT086,Fresh,ambient,2026-04-09,54,373.9,2.078,2026-04-07 11:00,rice_dhal:21;packet_foods:21;tea_biscuit:12
ORD0098713,OUT087,Fresh,ambient,2026-04-09,72,503.7,2.754,2026-04-07 11:00,rice_dhal:29;packet_foods:28;tea_biscuit:15
ORD0098714,OUT087,Fresh,chilled,2026-04-09,49,338.5,1.822,2026-04-07 11:00,dairy:15;produce:20;meat_fish:14
ORD0098715,OUT088,Style,ambient,2026-04-09,17,273.2,4.286,2026-04-07 11:00,garment_carton:17
ORD0098716,OUT089,Style,ambient,2026-04-09,54,753.3,12.441,2026-04-07 11:00,garment_carton:54
ORD0098717,OUT090,Style,ambient,2026-04-09,47,711.2,10.975,2026-04-07 11:00,garment_carton:47
ORD0098718,OUT091,Style,ambient,2026-04-09,49,824.9,12.364,2026-04-07 11:00,garment_carton:49
ORD0098719,OUT092,Style,ambient,2026-04-09,50,722.8,11.817,2026-04-07 11:00,garment_carton:50
ORD0098720,OUT094,Tech,ambient,2026-04-09,7,1522.1,5.238,2026-04-07 11:00,appliance:7
ORD0098721,OUT095,Tech,ambient,2026-04-09,4,890.0,2.987,2026-04-07 11:00,appliance:4
ORD0098722,OUT096,Fresh,ambient,2026-04-09,47,298.4,1.646,2026-04-07 11:00,rice_dhal:14;packet_foods:18;tea_biscuit:15
ORD0098723,OUT096,Fresh,chilled,2026-04-09,33,228.9,1.231,2026-04-07 11:00,dairy:11;produce:13;meat_fish:9
ORD0098724,OUT097,Fresh,ambient,2026-04-09,111,695.0,3.799,2026-04-07 11:00,rice_dhal:31;packet_foods:43;tea_biscuit:37
ORD0098725,OUT097,Fresh,chilled,2026-04-09,110,758.8,3.995,2026-04-07 11:00,dairy:27;produce:40;meat_fish:43
ORD0098726,OUT098,Fresh,ambient,2026-04-09,89,620.6,3.354,2026-04-07 11:00,rice_dhal:36;packet_foods:34;tea_biscuit:19
ORD0098727,OUT099,Fresh,ambient,2026-04-09,103,675.8,3.538,2026-04-07 11:00,rice_dhal:34;packet_foods:40;tea_biscuit:29
ORD0098728,OUT100,Fresh,ambient,2026-04-09,126,848.1,4.655,2026-04-07 11:00,rice_dhal:45;packet_foods:49;tea_biscuit:32
ORD0098729,OUT100,Fresh,chilled,2026-04-09,117,834.3,4.476,2026-04-07 11:00,dairy:53;produce:45;meat_fish:19
ORD0098730,OUT101,Fresh,ambient,2026-04-09,86,564.3,2.99,2026-04-07 11:00,rice_dhal:28;packet_foods:35;tea_biscuit:23
ORD0098731,OUT104,Fresh,ambient,2026-04-09,76,486.3,2.685,2026-04-07 11:00,rice_dhal:23;packet_foods:29;tea_biscuit:24
ORD0098732,OUT105,Fresh,ambient,2026-04-09,62,420.0,2.284,2026-04-07 11:00,rice_dhal:23;packet_foods:23;tea_biscuit:16
ORD0098733,OUT106,Fresh,ambient,2026-04-09,86,590.8,3.091,2026-04-07 11:00,rice_dhal:33;packet_foods:33;tea_biscuit:20
ORD0098734,OUT106,Fresh,chilled,2026-04-09,54,387.6,2.088,2026-04-07 11:00,dairy:27;produce:21;meat_fish:6
ORD0098735,OUT107,Fresh,ambient,2026-04-09,89,629.9,3.445,2026-04-07 11:00,rice_dhal:38;packet_foods:32;tea_biscuit:19
ORD0098736,OUT107,Fresh,chilled,2026-04-09,67,480.8,2.51,2026-04-07 11:00,dairy:29;produce:23;meat_fish:15
ORD0098737,OUT108,Fresh,ambient,2026-04-09,87,563.9,3.143,2026-04-07 11:00,rice_dhal:27;packet_foods:37;tea_biscuit:23
ORD0098738,OUT108,Fresh,chilled,2026-04-09,62,430.9,2.27,2026-04-07 11:00,dairy:18;produce:23;meat_fish:21
ORD0098739,OUT110,Fresh,ambient,2026-04-09,64,444.0,2.364,2026-04-07 11:00,rice_dhal:26;packet_foods:21;tea_biscuit:17
ORD0098740,OUT110,Fresh,chilled,2026-04-09,50,319.3,1.718,2026-04-07 11:00,produce:19;meat_fish:31
ORD0098741,OUT111,Fresh,ambient,2026-04-09,43,299.9,1.605,2026-04-07 11:00,rice_dhal:17;packet_foods:17;tea_biscuit:9
ORD0098742,OUT111,Fresh,chilled,2026-04-09,32,215.7,1.148,2026-04-07 11:00,dairy:5;produce:13;meat_fish:14
ORD0098743,OUT112,Fresh,ambient,2026-04-09,105,728.7,3.921,2026-04-07 11:00,rice_dhal:42;packet_foods:40;tea_biscuit:23
ORD0098744,OUT113,Fresh,ambient,2026-04-09,112,772.6,4.151,2026-04-07 11:00,rice_dhal:44;packet_foods:42;tea_biscuit:26
ORD0098745,OUT113,Fresh,chilled,2026-04-09,64,429.0,2.36,2026-04-07 11:00,dairy:12;produce:29;meat_fish:23
ORD0098746,OUT116,Fresh,ambient,2026-04-09,88,600.8,3.189,2026-04-07 11:00,rice_dhal:33;packet_foods:34;tea_biscuit:21
ORD0098747,OUT117,Fresh,ambient,2026-04-09,127,854.8,4.698,2026-04-07 11:00,rice_dhal:45;packet_foods:55;tea_biscuit:27
ORD0098748,OUT117,Fresh,chilled,2026-04-09,116,775.4,4.17,2026-04-07 11:00,dairy:15;produce:48;meat_fish:53
ORD0098749,OUT118,Fresh,ambient,2026-04-09,163,1150.9,5.993,2026-04-07 11:00,rice_dhal:69;packet_foods:59;tea_biscuit:35
ORD0098750,OUT118,Fresh,chilled,2026-04-09,139,902.7,4.824,2026-04-07 11:00,produce:55;meat_fish:84
ORD0098751,OUT119,Fresh,ambient,2026-04-09,75,485.4,2.656,2026-04-07 11:00,rice_dhal:23;packet_foods:32;tea_biscuit:20
ORD0098752,OUT119,Fresh,chilled,2026-04-09,91,584.3,3.183,2026-04-07 11:00,produce:38;meat_fish:53
