username,display_name,role,depot,outlet_id,vehicle_id,locale,pin,judge
nuwan,Nuwan Perera,dispatcher,,,,en,,1
rizwan,Mohamed Rizwan,loader,Kandy,,,ta,2580,1
anjali,Anjali Wickramasinghe,loader,Kandy,,,si,1357,
suresh,Suresh Kumar,loader,Kandy,,,ta,4826,
dilani,Dilani Jayawardena,store_manager,,OUT117,,en,,1
driver.veh001,Upul Weerasinghe,driver,Peliyagoda,,VEH001,si,,
driver.veh002,Senthil Gunawardena,driver,Peliyagoda,,VEH002,si,,
driver.veh003,Ajith Senanayake,driver,Peliyagoda,,VEH003,si,,
driver.veh004,Rifkhan Perera,driver,Peliyagoda,,VEH004,si,,
driver.veh005,Suresh Samarasinghe,driver,Peliyagoda,,VEH005,si,,
driver.veh006,Chaminda Jayasinghe,driver,Peliyagoda,,VEH006,si,,
driver.veh007,Ranjith Abeysekara,driver,Peliyagoda,,VEH007,si,,
driver.veh008,Lasith Senanayake,driver,Peliyagoda,,VEH008,si,,
driver.veh009,Jagath Ranasinghe,driver,Peliyagoda,,VEH009,si,,
driver.veh010,Malith Fernando,driver,Peliyagoda,,VEH010,si,,
driver.veh011,Hasitha Silva,driver,Peliyagoda,,VEH011,si,,
driver.veh012,Dinesh Gunawardena,driver,Peliyagoda,,VEH012,si,,
driver.veh013,Lahiru Rodrigo,driver,Peliyagoda,,VEH013,si,,
driver.veh014,Rajitha Wijesinghe,driver,Peliyagoda,,VEH014,si,,
driver.veh015,Janaka Kodithuwakku,driver,Peliyagoda,,VEH015,si,,
driver.veh016,Dhanushka Hameed,driver,Peliyagoda,,VEH016,si,,
driver.veh017,Buddhika Silva,driver,Peliyagoda,,VEH017,si,,
driver.veh018,Hasitha Weerasinghe,driver,Peliyagoda,,VEH018,si,,
driver.veh019,Nalin Hameed,driver,Peliyagoda,,VEH019,si,,
driver.veh020,Mahesh Jayawardena,driver,Peliyagoda,,VEH020,si,,
driver.veh021,Tharindu Rathnayake,driver,Peliyagoda,,VEH021,si,,
driver.veh022,Faisal Gunawardena,driver,Peliyagoda,,VEH022,si,,
driver.veh023,Arun Wickramasinghe,driver,Peliyagoda,,VEH023,si,,
driver.veh024,Imran Bandara,driver,Peliyagoda,,VEH024,si,,
driver.veh025,Pradeep Weerasinghe,driver,Peliyagoda,,VEH025,si,,
driver.veh026,Ajith Perera,driver,Peliyagoda,,VEH026,si,,
driver.veh027,Dhanushka Bandara,driver,Peliyagoda,,VEH027,si,,
driver.veh028,Faisal Abeysekara,driver,Peliyagoda,,VEH028,si,,
driver.veh029,Saman Hameed,driver,Peliyagoda,,VEH029,si,,
driver.veh030,Rajitha Kumara,driver,Peliyagoda,,VEH030,si,,
driver.veh031,Charith Pathirana,driver,Peliyagoda,,VEH031,si,,
driver.veh032,Kavinda Nadarajah,driver,Peliyagoda,,VEH032,si,,
driver.veh033,Imran Mohamed,driver,Peliyagoda,,VEH033,si,,
driver.veh034,Chanaka Hameed,driver,Peliyagoda,,VEH034,si,,
driver.veh035,Malith Gunawardena,driver,Peliyagoda,,VEH035,si,,
driver.veh036,Shiran Sivakumar,driver,Peliyagoda,,VEH036,si,,
driver.veh037,Mahesh Samarasinghe,driver,Peliyagoda,,VEH037,si,,
driver.veh038,Vijay Jayawardena,driver,Peliyagoda,,VEH038,si,,
driver.veh039,Janaka Ekanayake,driver,Kandy,,VEH039,si,,
driver.veh040,Nalin Nadarajah,driver,Kandy,,VEH040,si,,
driver.veh041,Lahiru Perera,driver,Kandy,,VEH041,si,,
driver.veh042,Sampath Lakmal,driver,Kandy,,VEH042,si,,
driver.veh043,Nuwan Samarasinghe,driver,Kandy,,VEH043,si,,
driver.veh044,Waruna Mohamed,driver,Kandy,,VEH044,si,,
kasun,Kasun Bandara,driver,Kandy,,VEH045,si,3690,1
driver.veh046,Buddhika Senanayake,driver,Kandy,,VEH046,si,,
driver.veh047,Janaka Weerasinghe,driver,Kandy,,VEH047,si,,
driver.veh048,Saman Munasinghe,driver,Kandy,,VEH048,si,,
driver.veh049,Saman Wijesinghe,driver,Kandy,,VEH049,si,,
driver.veh050,Shiran Rajapaksha,driver,Kandy,,VEH050,si,,
driver.veh051,Ravindu Silva,driver,Kandy,,VEH051,si,,
driver.veh052,Ravindu Karunaratne,driver,Kandy,,VEH052,si,,
driver.veh053,Mahesh Rodrigo,driver,Kandy,,VEH053,si,,
driver.veh054,Nimesh Mohamed,driver,Kandy,,VEH054,si,,
driver.veh055,Ruwan Mohamed,driver,Kandy,,VEH055,si,,
driver.veh056,Jagath Pathirana,driver,Kandy,,VEH056,si,,
driver.veh057,Priyantha Silva,driver,Kandy,,VEH057,si,,
driver.veh058,Charith Nadarajah,driver,Kandy,,VEH058,si,,
driver.veh059,Dilshan Wickramasinghe,driver,Kandy,,VEH059,si,,
driver.veh060,Nimal Fernando,driver,Kandy,,VEH060,si,,
