run_date,vehicle_id,status,fuel_used_l
2026-04-08,VEH001,available,92.3
2026-04-08,VEH002,available,110.7
2026-04-08,VEH003,available,103.5
2026-04-08,VEH004,available,92.0
2026-04-08,VEH005,available,59.7
2026-04-08,VEH006,available,33.9
2026-04-08,VEH007,available,92.6
2026-04-08,VEH008,available,130.1
2026-04-08,VEH009,available,0.0
2026-04-08,VEH010,available,0.0
2026-04-08,VEH011,available,0.0
2026-04-08,VEH012,available,11.1
2026-04-08,VEH013,available,0.0
2026-04-08,VEH014,available,0.0
2026-04-08,VEH015,available,111.3
2026-04-08,VEH016,available,65.9
2026-04-08,VEH017,available,66.3
2026-04-08,VEH018,available,77.2
2026-04-08,VEH019,available,0.0
2026-04-08,VEH020,available,0.0
2026-04-08,VEH021,available,3.5
2026-04-08,VEH022,available,0.9
2026-04-08,VEH023,available,0.0
2026-04-08,VEH024,available,0.0
2026-04-08,VEH025,available,47.1
2026-04-08,VEH026,available,0.0
2026-04-08,VEH027,available,29.9
2026-04-08,VEH028,available,0.0
2026-04-08,VEH029,available,0.0
2026-04-08,VEH030,available,0.0
2026-04-08,VEH031,available,0.0
2026-04-08,VEH032,available,0.0
2026-04-08,VEH033,available,0.0
2026-04-08,VEH034,available,17.0
2026-04-08,VEH035,available,3.8
2026-04-08,VEH036,available,0.0
2026-04-08,VEH037,available,5.1
2026-04-08,VEH038,available,0.2
2026-04-08,VEH039,workshop,0.0
2026-04-08,VEH040,available,101.2
2026-04-08,VEH041,available,83.5
2026-04-08,VEH042,available,24.7
2026-04-08,VEH043,available,73.7
2026-04-08,VEH044,available,68.8
2026-04-08,VEH045,available,46.5
2026-04-08,VEH046,available,101.9
2026-04-08,VEH047,available,4.1
2026-04-08,VEH048,available,29.5
2026-04-08,VEH049,available,6.6
2026-04-08,VEH050,available,0.0
2026-04-08,VEH051,available,0.0
2026-04-08,VEH052,available,1.1
2026-04-08,VEH053,available,0.0
2026-04-08,VEH054,available,0.0
2026-04-08,VEH055,available,0.0
2026-04-08,VEH056,available,77.7
2026-04-08,VEH057,available,13.7
2026-04-08,VEH058,workshop,0.0
2026-04-08,VEH059,available,7.5
2026-04-08,VEH060,standby,0.0
2026-04-09,VEH001,available,
2026-04-09,VEH002,available,
2026-04-09,VEH003,available,
2026-04-09,VEH004,available,
2026-04-09,VEH005,available,
2026-04-09,VEH006,available,
2026-04-09,VEH007,available,
2026-04-09,VEH008,available,
2026-04-09,VEH009,available,
2026-04-09,VEH010,available,
2026-04-09,VEH011,available,
2026-04-09,VEH012,available,
2026-04-09,VEH013,available,
2026-04-09,VEH014,available,
2026-04-09,VEH015,available,
2026-04-09,VEH016,available,
2026-04-09,VEH017,available,
2026-04-09,VEH018,available,
2026-04-09,VEH019,available,
2026-04-09,VEH020,available,
2026-04-09,VEH021,available,
2026-04-09,VEH022,available,
2026-04-09,VEH023,available,
2026-04-09,VEH024,available,
2026-04-09,VEH025,available,
2026-04-09,VEH026,available,
2026-04-09,VEH027,available,
2026-04-09,VEH028,available,
2026-04-09,VEH029,available,
2026-04-09,VEH030,available,
2026-04-09,VEH031,available,
2026-04-09,VEH032,available,
2026-04-09,VEH033,available,
2026-04-09,VEH034,available,
2026-04-09,VEH035,available,
2026-04-09,VEH036,available,
2026-04-09,VEH037,available,
2026-04-09,VEH038,available,
2026-04-09,VEH039,available,
2026-04-09,VEH040,available,
2026-04-09,VEH041,available,
2026-04-09,VEH042,available,
2026-04-09,VEH043,available,
2026-04-09,VEH044,available,
2026-04-09,VEH045,available,
2026-04-09,VEH046,available,
2026-04-09,VEH047,available,
2026-04-09,VEH048,available,
2026-04-09,VEH049,available,
2026-04-09,VEH050,available,
2026-04-09,VEH051,available,
2026-04-09,VEH052,available,
2026-04-09,VEH053,available,
2026-04-09,VEH054,available,
2026-04-09,VEH055,available,
2026-04-09,VEH056,available,
2026-04-09,VEH057,available,
2026-04-09,VEH058,standby,
2026-04-09,VEH059,available,
2026-04-09,VEH060,available,
