outlet_id,name,short_name
OUT001,Waypoint Fresh Kollupitiya,Kollupitiya
OUT002,Waypoint Fresh Bambalapitiya,Bambalapitiya
OUT003,Waypoint Fresh Wellawatte,Wellawatte
OUT004,Waypoint Fresh Dehiwala,Dehiwala
OUT005,Waypoint Fresh Mount Lavinia,Mount Lavinia
OUT006,Waypoint Fresh Nugegoda,Nugegoda
OUT007,Waypoint Fresh Maharagama,Maharagama
OUT008,Waypoint Fresh Kottawa,Kottawa
OUT009,Waypoint Fresh Homagama,Homagama
OUT010,Waypoint Fresh Battaramulla,Battaramulla
OUT011,Waypoint Fresh Rajagiriya,Rajagiriya
OUT012,Waypoint Fresh Borella,Borella
OUT013,Waypoint Fresh Kotahena,Kotahena
OUT014,Waypoint Fresh Moratuwa,Moratuwa
OUT015,Waypoint Style Borella,Borella
OUT016,Waypoint Style Kollupitiya,Kollupitiya
OUT017,Waypoint Style Bambalapitiya,Bambalapitiya
OUT018,Waypoint Style Wellawatte,Wellawatte
OUT019,Waypoint Style Dehiwala,Dehiwala
OUT020,Waypoint Style Mount Lavinia,Mount Lavinia
OUT021,Waypoint Tech Borella,Borella
OUT022,Waypoint Tech Kollupitiya,Kollupitiya
OUT023,Waypoint Tech Bambalapitiya,Bambalapitiya
OUT024,Waypoint Tech Wellawatte,Wellawatte
OUT025,Waypoint Fresh Negombo,Negombo
OUT026,Waypoint Fresh Gampaha,Gampaha
OUT027,Waypoint Fresh Ja-Ela,Ja-Ela
OUT028,Waypoint Fresh Wattala,Wattala
OUT029,Waypoint Fresh Kiribathgoda,Kiribathgoda
OUT030,Waypoint Fresh Kelaniya,Kelaniya
OUT031,Waypoint Fresh Ragama,Ragama
OUT032,Waypoint Fresh Kadawatha,Kadawatha
OUT033,Waypoint Fresh Minuwangoda,Minuwangoda
OUT034,Waypoint Fresh Nittambuwa,Nittambuwa
OUT035,Waypoint Style Kadawatha,Kadawatha
OUT036,Waypoint Style Negombo,Negombo
OUT037,Waypoint Style Gampaha,Gampaha
OUT038,Waypoint Tech Kadawatha,Kadawatha
OUT039,Waypoint Tech Negombo,Negombo
OUT040,Waypoint Fresh Kalutara,Kalutara
OUT041,Waypoint Fresh Panadura,Panadura
OUT042,Waypoint Fresh Horana,Horana
OUT043,Waypoint Fresh Beruwala,Beruwala
OUT044,Waypoint Fresh Aluthgama,Aluthgama
OUT045,Waypoint Fresh Wadduwa,Wadduwa
OUT046,Waypoint Fresh Bandaragama,Bandaragama
OUT047,Waypoint Style Panadura,Panadura
OUT048,Waypoint Style Kalutara,Kalutara
OUT049,Waypoint Tech Panadura,Panadura
OUT050,Waypoint Fresh Galle,Galle
OUT051,Waypoint Fresh Karapitiya,Karapitiya
OUT052,Waypoint Fresh Ambalangoda,Ambalangoda
OUT053,Waypoint Fresh Hikkaduwa,Hikkaduwa
OUT054,Waypoint Fresh Elpitiya,Elpitiya
OUT055,Waypoint Fresh Baddegama,Baddegama
OUT056,Waypoint Style Hikkaduwa,Hikkaduwa
OUT057,Waypoint Style Galle,Galle
OUT058,Waypoint Tech Hikkaduwa,Hikkaduwa
OUT059,Waypoint Fresh Matara,Matara
OUT060,Waypoint Fresh Weligama,Weligama
OUT061,Waypoint Fresh Akuressa,Akuressa
OUT062,Waypoint Fresh Dikwella,Dikwella
OUT063,Waypoint Style Matara,Matara
OUT064,Waypoint Tech Matara,Matara
OUT065,Waypoint Fresh Kurunegala,Kurunegala
OUT066,Waypoint Fresh Kuliyapitiya,Kuliyapitiya
OUT067,Waypoint Fresh Pannala,Pannala
OUT068,Waypoint Fresh Narammala,Narammala
OUT069,Waypoint Fresh Polgahawela,Polgahawela
OUT070,Waypoint Style Kurunegala,Kurunegala
OUT071,Waypoint Style Kuliyapitiya,Kuliyapitiya
OUT072,Waypoint Tech Kurunegala,Kurunegala
OUT073,Waypoint Fresh Chilaw,Chilaw
OUT074,Waypoint Fresh Puttalam,Puttalam
OUT075,Waypoint Fresh Wennappuwa,Wennappuwa
OUT076,Waypoint Fresh Katugastota,Katugastota
OUT077,Waypoint Fresh Mahaiyawa,Mahaiyawa
OUT078,Waypoint Fresh Asgiriya,Asgiriya
OUT079,Waypoint Fresh Bahirawakanda,Bahirawakanda
OUT080,Waypoint Fresh Watapuluwa,Watapuluwa
OUT081,Waypoint Fresh Hantana,Hantana
OUT082,Waypoint Fresh Ampitiya,Ampitiya
OUT083,Waypoint Fresh Suduhumpola,Suduhumpola
OUT084,Waypoint Fresh Bogambara,Bogambara
OUT085,Waypoint Fresh Kandy Town,Kandy Town
OUT086,Waypoint Fresh Lewella,Lewella
OUT087,Waypoint Fresh Mulgampola,Mulgampola
OUT088,Waypoint Style Peradeniya,Peradeniya
OUT089,Waypoint Style Gampola,Gampola
OUT090,Waypoint Style Kundasale,Kundasale
OUT091,Waypoint Style Digana,Digana
OUT092,Waypoint Style Pilimathalawa,Pilimathalawa
OUT093,Waypoint Tech Peradeniya,Peradeniya
OUT094,Waypoint Tech Gampola,Gampola
OUT095,Waypoint Tech Tennekumbura,Tennekumbura
OUT096,Waypoint Fresh Ukuwela,Ukuwela
OUT097,Waypoint Fresh Matale Town,Matale Town
OUT098,Waypoint Fresh Aluvihare,Aluvihare
OUT099,Waypoint Fresh Rattota,Rattota
OUT100,Waypoint Fresh Palapathwela,Palapathwela
OUT101,Waypoint Fresh Elkaduwa,Elkaduwa
OUT102,Waypoint Style Dambulla,Dambulla
OUT103,Waypoint Tech Dambulla,Dambulla
OUT104,Waypoint Fresh Talawakele,Talawakele
OUT105,Waypoint Fresh Nuwara Eliya,Nuwara Eliya
OUT106,Waypoint Fresh Hatton,Hatton
OUT107,Waypoint Fresh Maskeliya,Maskeliya
OUT108,Waypoint Fresh Nanu Oya,Nanu Oya
OUT109,Waypoint Style Nuwara Eliya,Nuwara Eliya
OUT110,Waypoint Fresh Badulla Town,Badulla Town
OUT111,Waypoint Fresh Hali-Ela,Hali-Ela
OUT112,Waypoint Fresh Bandarawela,Bandarawela
OUT113,Waypoint Fresh Welimada,Welimada
OUT114,Waypoint Style Badulla,Badulla
OUT115,Waypoint Tech Passara,Passara
OUT116,Waypoint Fresh Aranayake,Aranayake
OUT117,Waypoint Fresh Hemmathagama,Hemmathagama
OUT118,Waypoint Fresh Mawanella,Mawanella
OUT119,Waypoint Fresh Kegalle,Kegalle
OUT120,Waypoint Style Kegalle,Kegalle
